Date,Open,High,Low,Close,Volume
2023-02-23 02:56:48.883488,100.0,102.46292415226488,100.3666308432619,101.04889100241274,385234
2023-02-24 02:56:48.883488,101.04889100241274,101.75246338199693,100.67454135501059,100.82024543352324,650383
2023-02-25 02:56:48.883488,100.82024543352324,102.24675717680357,101.37608257131025,102.18582339230875,813180
2023-02-26 02:56:48.883488,102.18582339230875,106.08090759388993,105.07445392181528,105.3990424250925,2569840
2023-02-27 02:56:48.883488,105.3990424250925,105.69192068163657,102.97155159023129,104.95907197137993,1320851
2023-02-28 02:56:48.883488,104.95907197137993,104.93224717102076,104.29803576279143,104.52097241984796,512865
2023-03-01 02:56:48.883488,104.52097241984796,108.8949985383678,107.92752594122025,107.92882699663843,1275091
2023-03-02 02:56:48.883488,107.92882699663843,110.34946958653576,108.75702267571512,109.65298474771564,461325
2023-03-03 02:56:48.883488,109.65298474771564,109.82322623910663,107.96606065595472,108.68254563036497,1718317
2023-03-04 02:56:48.883488,108.68254563036497,110.51159941315501,108.89264388556897,109.92325146561876,790126
2023-03-05 02:56:48.883488,109.92325146561876,110.39909909567872,107.21196344393125,108.96361884728418,954260
2023-03-06 02:56:48.883488,108.96361884728418,108.22079147206405,107.1835703686026,108.00736933721507,1940408
2023-03-07 02:56:48.883488,108.00736933721507,110.83902369749103,107.75041169220194,108.58558944640038,525407
2023-03-08 02:56:48.883488,108.58558944640038,105.2818813815345,103.57848342360627,104.56125792944356,497301
2023-03-09 02:56:48.883488,104.56125792944356,102.8205693775286,100.22778062976248,101.06609849046282,746918
2023-03-10 02:56:48.883488,101.06609849046282,100.18376451001009,99.79208289449292,99.98588166824842,1680664
2023-03-11 02:56:48.883488,99.98588166824842,98.6684682476721,97.77058034287136,98.02988393479846,467819
2023-03-12 02:56:48.883488,98.02988393479846,99.1748551295949,96.71951549843513,98.69727300691652,242663
2023-03-13 02:56:48.883488,98.69727300691652,97.2801721968683,96.35337101251774,96.96953290842755,798053
2023-03-14 02:56:48.883488,96.96953290842755,94.71604829391471,93.14717312572354,94.31599197395005,1317677
2023-03-15 02:56:48.883488,94.31599197395005,97.67820675569227,97.11193000400947,97.17016664071141,1822357
2023-03-16 02:56:48.883488,97.17016664071141,97.33599089138917,96.51231216165077,96.78075966935431,793278
2023-03-17 02:56:48.883488,96.78075966935431,96.98363870614405,95.64072957980721,96.96002448752397,814066
2023-03-18 02:56:48.883488,96.96002448752397,96.30307733865591,93.04927595968094,94.28327469180479,1780599
2023-03-19 02:56:48.883488,94.28327469180479,94.92091438034427,90.491486340417,93.30896178395369,392636
2023-03-20 02:56:48.883488,93.30896178395369,93.97120013953648,93.39094770570746,93.56296278684916,823443
2023-03-21 02:56:48.883488,93.56296278684916,91.51425014926119,89.83238641129013,91.4794847632408,1099891
2023-03-22 02:56:48.883488,91.4794847632408,92.32623070047376,91.07304205174641,92.21554316057768,1251833
2023-03-23 02:56:48.883488,92.21554316057768,91.71925721961753,90.96884892350498,91.15997439278138,774991
2023-03-24 02:56:48.883488,91.15997439278138,91.60245043843675,90.2292416697229,90.67503294300448,1017369
2023-03-25 02:56:48.883488,90.67503294300448,89.86588346187105,88.91171770937852,89.63518353018799,288181
2023-03-26 02:56:48.883488,89.63518353018799,94.61742364947169,92.15853665198038,93.06456316999342,719553
2023-03-27 02:56:48.883488,93.06456316999342,93.45759638671798,92.64255337084792,93.08597564802834,1254521
2023-03-28 02:56:48.883488,93.08597564802834,91.77320982308746,90.72217341059888,91.18307665329131,611924
2023-03-29 02:56:48.883488,91.18307665329131,93.19000222967416,91.75862732799612,92.74188599168124,1029931
2023-03-30 02:56:48.883488,92.74188599168124,91.97535149970156,88.05122977711046,90.55010483544638,1250365
2023-03-31 02:56:48.883488,90.55010483544638,92.08976002588682,90.61762536703145,90.97462431893987,842590
2023-04-01 02:56:48.883488,90.97462431893987,88.80338565315691,87.07628547073237,87.52173928829636,1088969
2023-04-02 02:56:48.883488,87.52173928829636,85.46145824530608,85.24826079352877,85.27006802693231,617938
2023-04-03 02:56:48.883488,85.27006802693231,86.54610322757,84.13407054416413,85.6492711630223,901851
2023-04-04 02:56:48.883488,85.6492711630223,88.431577284959,86.36294200986934,86.96711397035055,1356771
2023-04-05 02:56:48.883488,86.96711397035055,87.70998601059624,86.95199541815896,87.30933720216035,1081648
2023-04-06 02:56:48.883488,87.30933720216035,88.09127497427306,86.69444248777448,87.15119177251597,745823
2023-04-07 02:56:48.883488,87.15119177251597,86.70463854809762,86.53921487982221,86.67126277130745,1118633
2023-04-08 02:56:48.883488,86.67126277130745,84.3332926639195,83.49558268545744,84.18796125952196,1429471
2023-04-09 02:56:48.883488,84.18796125952196,83.7597711261745,82.09535464543002,83.026102718792,358807
2023-04-10 02:56:48.883488,83.026102718792,82.84275709358992,82.30568673052423,82.30585715708003,1785211
2023-04-11 02:56:48.883488,82.30585715708003,85.43242217825234,84.09875058036269,84.10657276172822,845246
2023-04-12 02:56:48.883488,84.10657276172822,85.97998529664034,84.45110679990339,84.72892847974649,1237069
2023-04-13 02:56:48.883488,84.72892847974649,82.96367230340302,81.70728523378084,81.83428441940241,1819612
2023-04-14 02:56:48.883488,81.83428441940241,82.92313562534996,81.7276803869873,82.40762426474957,503668
2023-04-15 02:56:48.883488,82.40762426474957,82.1401173702078,81.10683188680323,81.81628562079347,701369
2023-04-16 02:56:48.883488,81.81628562079347,81.15541444045614,80.22498164995557,80.75645318435414,865650
2023-04-17 02:56:48.883488,80.75645318435414,82.00455104661759,81.5429208776929,81.79134247407251,675787
2023-04-18 02:56:48.883488,81.79134247407251,83.9968548436557,82.41284347262253,83.537145625901,2380875
2023-04-19 02:56:48.883488,83.537145625901,85.72210897538059,84.45262032712778,85.15022019867558,651559
2023-04-20 02:56:48.883488,85.15022019867558,83.79624108672293,83.37587996386644,83.7748332063724,757468
2023-04-21 02:56:48.883488,83.7748332063724,84.27687029104878,82.57162109314832,83.29998716848465,1107598
2023-04-22 02:56:48.883488,83.29998716848465,84.35169836943393,83.67536402098393,83.895641532366,548222
2023-04-23 02:56:48.883488,83.895641532366,85.90859299015271,85.4256827973964,85.59137907228069,820500
2023-04-24 02:56:48.883488,85.59137907228069,85.47196650236883,84.09572168125065,84.81743147725382,1172017
2023-04-25 02:56:48.883488,84.81743147725382,86.95364513112489,84.42919378452329,84.54533522352811,846681
2023-04-26 02:56:48.883488,84.54533522352811,83.68697728677883,82.41347136497913,82.73652842653617,954379
2023-04-27 02:56:48.883488,82.73652842653617,82.22707358586285,80.7375943063214,80.82101917905592,767462
2023-04-28 02:56:48.883488,80.82101917905592,82.48409142788667,81.96812366592741,82.18621493676625,468961
2023-04-29 02:56:48.883488,82.18621493676625,85.43423229174523,83.99588032181155,84.48824287181094,1174446
2023-04-30 02:56:48.883488,84.48824287181094,85.50166982080671,82.35026677742988,84.40884415170446,2404799
2023-05-01 02:56:48.883488,84.40884415170446,87.16337676297435,86.04747240142585,86.16317158634514,1009243
2023-05-02 02:56:48.883488,86.16317158634514,87.23814447206401,85.5966289358043,86.83203002451584,1119220
2023-05-03 02:56:48.883488,86.83203002451584,86.0589233959224,84.96741699433439,85.76175558378418,1413913
2023-05-04 02:56:48.883488,85.76175558378418,86.46763446305361,85.59271749643406,86.42708237569455,530112
2023-05-05 02:56:48.883488,86.42708237569455,89.5969139958887,88.06925272446918,89.17152939441804,2342590
2023-05-06 02:56:48.883488,89.17152939441804,89.22071241960457,89.07318378112647,89.15222399520917,1106458
2023-05-07 02:56:48.883488,89.15222399520917,93.21293315564199,91.85057367901803,92.03216760156175,2261274
2023-05-08 02:56:48.883488,92.03216760156175,88.24849392694051,86.83828441728198,87.37797614312215,693144
2023-05-09 02:56:48.883488,87.37797614312215,89.3093984205934,88.58969818750133,88.87059401216378,2481916
2023-05-10 02:56:48.883488,88.87059401216378,90.45641816267911,88.52150392992245,89.06997111515908,1473407
2023-05-11 02:56:48.883488,89.06997111515908,88.96242767948367,87.51675038095725,88.58318961467607,1318533
2023-05-12 02:56:48.883488,88.58318961467607,90.12282117822035,88.66647741966253,88.79029217526721,1124133
2023-05-13 02:56:48.883488,88.79029217526721,86.09851987514142,84.98832436942082,85.37266293306325,883146
2023-05-14 02:56:48.883488,85.37266293306325,85.33741298968415,85.04046703980957,85.04091602085744,1822603
2023-05-15 02:56:48.883488,85.04091602085744,85.99260027285652,85.17811582452603,85.69330978634225,1072701
2023-05-16 02:56:48.883488,85.69330978634225,88.59220083724844,87.03312902961065,88.30817080684471,373986
2023-05-17 02:56:48.883488,88.30817080684471,89.257192813057,85.4334487286205,87.44125824564044,572013
2023-05-18 02:56:48.883488,87.44125824564044,86.41052113833088,85.60783271460251,86.08174443842118,911263
2023-05-19 02:56:48.883488,86.08174443842118,85.63151803815303,84.22400515785125,85.26484369983139,1167657
2023-05-20 02:56:48.883488,85.26484369983139,87.778832607186,86.4421934571917,86.88368438273741,972102
2023-05-21 02:56:48.883488,86.88368438273741,87.70950990808399,87.37125941911081,87.50056803752376,1839484
2023-05-22 02:56:48.883488,87.50056803752376,86.84606235689733,86.22906434237197,86.62167570939387,376984
2023-05-23 02:56:48.883488,86.62167570939387,87.73114812948167,86.28745639487191,87.5592257219167,1074433
2023-05-24 02:56:48.883488,87.5592257219167,87.83611399095324,87.48647267080844,87.77326722619041,402931
2023-05-25 02:56:48.883488,87.77326722619041,89.56835113939896,89.2659944103366,89.53502420093174,1462074
2023-05-26 02:56:48.883488,89.53502420093174,88.97351753099744,87.78119603252233,88.33079655910352,953868
2023-05-27 02:56:48.884019,88.33079655910352,87.84333113161999,86.79785427066864,87.79772382625978,1233437
2023-05-28 02:56:48.884019,87.79772382625978,87.79399513642548,86.24981666093275,87.15545931202426,649247
2023-05-29 02:56:48.884019,87.15545931202426,84.75205162800643,84.61953784371518,84.68369784319792,1895973
2023-05-30 02:56:48.884019,84.68369784319792,85.29634136389359,84.65787504667227,85.22932112502181,1683478
2023-05-31 02:56:48.884019,85.22932112502181,87.4311486921418,84.79954648265839,85.71832454432759,1338797
2023-06-01 02:56:48.884019,85.71832454432759,86.55589952599124,84.43730723562847,85.76996559466453,937293
2023-06-02 02:56:48.884019,85.76996559466453,85.70713237691487,84.71262312824399,85.41119243799017,1336332
2023-06-03 02:56:48.884019,85.41119243799017,83.89788169120399,82.75616715755949,83.06884620790534,702263
2023-06-04 02:56:48.884019,83.06884620790534,84.80104749109258,81.67070610608157,82.41412399256664,1533845
2023-06-05 02:56:48.884019,82.41412399256664,83.60231494354656,81.17991565156197,81.89210102061847,2281288
2023-06-06 02:56:48.884019,81.89210102061847,80.7414373210713,79.72146220736839,80.6288877564664,1707969
2023-06-07 02:56:48.884019,80.6288877564664,81.30049902219919,79.4530165411797,80.40941569443443,694334
2023-06-08 02:56:48.884019,80.40941569443443,81.9457676302371,79.77013233481163,81.1023791820828,1198066
2023-06-09 02:56:48.884019,81.1023791820828,84.77876137286145,83.5035383763854,84.26242323152528,523839
2023-06-10 02:56:48.884019,84.26242323152528,85.49061718435131,84.05935763149961,84.59943358461422,1331352
2023-06-11 02:56:48.884019,84.59943358461422,85.60955450190012,84.79927413783332,85.07885898742242,1252700
2023-06-12 02:56:48.884019,85.07885898742242,86.62159097596842,84.48208679690413,84.99476453364913,392621
2023-06-13 02:56:48.884019,84.99476453364913,81.99180021548771,81.39047404003755,81.83575383539161,559399
2023-06-14 02:56:48.884019,81.83575383539161,82.01120853354965,81.7000573218485,81.83327609012979,867994
2023-06-15 02:56:48.884019,81.83327609012979,82.686108044042,81.93934576423149,81.97288839421046,860338
2023-06-16 02:56:48.884019,81.97288839421046,86.58252278664936,85.29202647724989,86.15546574744086,546217
2023-06-17 02:56:48.884019,86.15546574744086,85.99672766320879,85.23143877137707,85.86756660964113,1214690
2023-06-18 02:56:48.884019,85.86756660964113,86.74563490073318,85.98662687865745,86.43019838228363,1133983
2023-06-19 02:56:48.884019,86.43019838228363,88.49028562569107,86.21587122177354,86.41341220892556,907433
2023-06-20 02:56:48.884019,86.41341220892556,84.5079285493174,83.61944397258947,84.45926413733804,685301
2023-06-21 02:56:48.884019,84.45926413733804,86.62901142137882,84.23988150478725,86.45515093700851,1689366
2023-06-22 02:56:48.884019,86.45515093700851,88.73160929370196,87.64130011338952,87.80903975739878,2288058
2023-06-23 02:56:48.884019,87.80903975739878,90.24062280975717,87.10054451987459,89.25389782314646,785228
2023-06-24 02:56:48.884019,89.25389782314646,91.73093545150988,83.64721884284629,87.68907714717808,736325
2023-06-25 02:56:48.884019,87.68907714717808,90.80553299065396,90.21183325731904,90.2292117461327,1278393
2023-06-26 02:56:48.884019,90.2292117461327,88.78177818412615,87.54770446821755,87.77846600536536,836093
2023-06-27 02:56:48.884019,87.77846600536536,90.3106773113454,88.83925972989188,88.85922274762798,932674
2023-06-28 02:56:48.884019,88.85922274762798,93.94981055931285,92.37683558809142,92.88502732773719,1447483
2023-06-29 02:56:48.884019,92.88502732773719,91.38428444036384,90.03273610872368,91.10855763309834,384936
2023-06-30 02:56:48.884019,91.10855763309834,90.80735060188707,89.12322959617497,90.12754033095423,1933150
2023-07-01 02:56:48.884019,90.12754033095423,90.41046166890769,89.70614608003612,90.35251106220713,1037008
2023-07-02 02:56:48.884019,90.35251106220713,89.78622147641623,88.84928659397629,89.49200540242629,814039
2023-07-03 02:56:48.884019,89.49200540242629,87.08149873441259,86.42194433561536,86.80255246885889,956363
2023-07-04 02:56:48.884019,86.80255246885889,87.3320585907162,86.94807498595156,86.96513463872675,981390
2023-07-05 02:56:48.884019,86.96513463872675,86.55408738937207,84.60639554788362,85.17953562407456,420798
2023-07-06 02:56:48.884019,85.17953562407456,86.42337219369371,85.52402566974759,86.03318220172487,2111648
2023-07-07 02:56:48.884019,86.03318220172487,84.71419399730628,84.20867020681031,84.50786244380743,1020877
2023-07-08 02:56:48.884019,84.50786244380743,88.0529166954009,86.71186563418601,87.2121158770376,1247948
2023-07-09 02:56:48.884019,87.2121158770376,86.92126577929632,85.81202231677129,85.89951638180575,1609260
2023-07-10 02:56:48.884019,85.89951638180575,86.43894329093972,84.0679617718855,85.39068062222263,600146
2023-07-11 02:56:48.884019,85.39068062222263,87.35353805335176,85.75881098576727,86.8347869753073,1267106
2023-07-12 02:56:48.884019,86.8347869753073,85.35997261924534,83.52166232407717,84.76561920254603,874747
2023-07-13 02:56:48.884019,84.76561920254603,85.4482083356676,85.05433249725394,85.19470000166561,1527122
2023-07-14 02:56:48.884019,85.19470000166561,88.69871295503366,87.45051354531606,87.4950377592698,345206
2023-07-15 02:56:48.884019,87.4950377592698,84.89641335518064,84.62227205219182,84.76921241586717,951660
2023-07-16 02:56:48.884019,84.76921241586717,85.23226587818422,84.91770240087999,85.12536845946825,739774
2023-07-17 02:56:48.884019,85.12536845946825,85.75993771686767,85.4206804723011,85.61176786841612,1241265
2023-07-18 02:56:48.884019,85.61176786841612,87.01799919667569,85.70819732079954,87.00444473283277,1264936
2023-07-19 02:56:48.884019,87.00444473283277,85.85186298088547,83.56139434239039,84.92089635062547,702006
2023-07-20 02:56:48.884019,84.92089635062547,83.9405546900776,82.06335561506503,82.7489280217629,700411
2023-07-21 02:56:48.884019,82.7489280217629,84.99302163736662,83.57269149930177,83.65907347496126,946170
2023-07-22 02:56:48.884019,83.65907347496126,84.91268829901975,82.8159930542446,84.19955064956027,638699
2023-07-23 02:56:48.884019,84.19955064956027,85.50411851049337,84.51587186438206,84.66475857133153,1523471
2023-07-24 02:56:48.884019,84.66475857133153,87.13282931487812,83.87890333934797,85.29607213033128,831433
2023-07-25 02:56:48.884019,85.29607213033128,84.72385488293546,84.16835544991716,84.1859389361999,233752
2023-07-26 02:56:48.884019,84.1859389361999,85.73979920953836,84.4249784433304,84.62019800655246,829102
2023-07-27 02:56:48.884019,84.62019800655246,86.55856470183,84.08706186468702,85.16022096320847,594953
2023-07-28 02:56:48.884019,85.16022096320847,84.84235872748867,83.47646357585418,83.99417123233287,442357
2023-07-29 02:56:48.884019,83.99417123233287,87.83155483420786,86.90398395413412,87.23127253118162,538637
2023-07-30 02:56:48.884019,87.23127253118162,90.09043378713785,87.82597907909128,88.10590483990133,1056228
2023-07-31 02:56:48.884019,88.10590483990133,86.91957448195953,84.97135570482892,86.07452450725516,1943169
2023-08-01 02:56:48.884019,86.07452450725516,87.53927997878266,86.76922755738345,87.25584560830106,1169518
2023-08-02 02:56:48.884019,87.25584560830106,87.75402572306136,84.66261439898032,85.6141800150237,738413
2023-08-03 02:56:48.884019,85.6141800150237,89.00954053700355,86.80155401179294,87.01605273979946,1256025
2023-08-04 02:56:48.884019,87.01605273979946,90.33857819380958,88.65654481325632,89.10046269642115,794895
2023-08-05 02:56:48.884019,89.10046269642115,89.13668414225106,86.69393222058822,87.69377191795381,706593
2023-08-06 02:56:48.884019,87.69377191795381,90.35914046309085,88.03080054658744,89.44450737759092,561478
2023-08-07 02:56:48.884019,89.44450737759092,92.43250297563384,89.31515730694517,90.23108783882013,416481
2023-08-08 02:56:48.884019,90.23108783882013,93.04311781716932,91.02858672458186,91.77273282191132,822866
2023-08-09 02:56:48.884019,91.77273282191132,95.9065553948924,94.16942580856312,95.36876224690107,1082233
2023-08-10 02:56:48.884019,95.36876224690107,95.5140397099609,94.72712420486117,94.94932448023285,952836
2023-08-11 02:56:48.884019,94.94932448023285,94.37408810112436,93.13910304129458,93.57550022301464,812220
2023-08-12 02:56:48.884019,93.57550022301464,92.66945764360291,91.06339397028108,91.97145993967642,623209
2023-08-13 02:56:48.884019,91.97145993967642,90.78282115500069,90.45950629916362,90.52826344193356,1355435
2023-08-14 02:56:48.884019,90.52826344193356,90.52821223323926,90.14472818663945,90.43397902874369,517593
2023-08-15 02:56:48.884019,90.43397902874369,91.15568290787952,90.96041190671521,91.09866140623078,1474050
2023-08-16 02:56:48.884019,91.09866140623078,92.34100413032812,90.88458718492777,91.649995617673,605858
2023-08-17 02:56:48.884019,91.649995617673,93.48709549274554,91.27745337022793,93.2254349315919,686452
2023-08-18 02:56:48.884019,93.2254349315919,94.87578307392029,91.79642819888677,93.29631672257219,480276
2023-08-19 02:56:48.884019,93.29631672257219,96.19084856473228,95.91881882578986,96.09634777496699,778254
2023-08-20 02:56:48.884019,96.09634777496699,96.58230431606502,93.70153376914405,95.63684695193861,1628494
2023-08-21 02:56:48.884019,95.63684695193861,102.14945638834675,101.02758079499831,101.03445098061705,1294098
2023-08-22 02:56:48.884019,101.03445098061705,102.5419752934172,102.16331967637608,102.35783952686131,1631028
2023-08-23 02:56:48.884019,102.35783952686131,102.06968665093626,100.30854597456064,100.66838049284972,1298320
2023-08-24 02:56:48.884019,100.66838049284972,99.4898034008743,98.40664748606267,98.5844856977697,575892
2023-08-25 02:56:48.884019,98.5844856977697,101.15422276306808,98.2229367443283,99.59015871923323,847559
2023-08-26 02:56:48.884019,99.59015871923323,100.17731139479883,97.00157274347814,99.19564339748536,676989
2023-08-27 02:56:48.884019,99.19564339748536,101.61974337291113,99.12889588936213,100.67264414263136,1945049
2023-08-28 02:56:48.884019,100.67264414263136,102.67983838268746,100.2329454269213,101.68083697773697,549693
2023-08-29 02:56:48.884019,101.68083697773697,102.29765443818832,100.86958117502968,101.583617806609,1563377
2023-08-30 02:56:48.884019,101.583617806609,100.47730228609372,99.49871430582243,99.92764815988441,1562796
2023-08-31 02:56:48.884019,99.92764815988441,97.93326934795354,96.4231714550244,96.99403300777415,2496301
2023-09-01 02:56:48.884019,96.99403300777415,96.28113125067858,94.64270881245098,96.1797813193033,814774
2023-09-02 02:56:48.884019,96.1797813193033,99.19614923494277,97.43784603950684,97.89026810142596,1427837
2023-09-03 02:56:48.884019,97.89026810142596,98.95099023342958,96.36838751428817,98.35948809725663,3129351
2023-09-04 02:56:48.884019,98.35948809725663,96.29409080579636,94.67866951138882,95.98714126891849,734312
2023-09-05 02:56:48.884019,95.98714126891849,97.90349448777116,96.18553596001486,96.36835266865182,464162
2023-09-06 02:56:48.884019,96.36835266865182,97.59041468147518,96.51924065668211,97.16243868428464,390625
2023-09-07 02:56:48.884019,97.16243868428464,95.52647302072762,95.10096225785936,95.50771740722372,1428115
2023-09-08 02:56:48.884019,95.50771740722372,96.37928090620076,95.83136773609546,95.84972082729308,390013
2023-09-09 02:56:48.884019,95.84972082729308,96.22434281302647,95.39347677309632,96.00936427638601,830141
2023-09-10 02:56:48.884019,96.00936427638601,95.1672169998612,93.42842757026101,93.88647365446391,124440
2023-09-11 02:56:48.884019,93.88647365446391,94.72647556400474,92.90094544580829,94.60800316257928,858832
2023-09-12 02:56:48.884019,94.60800316257928,96.13395902441597,95.54018082105411,95.7229195039392,123704
2023-09-13 02:56:48.884019,95.7229195039392,97.98760741280698,97.16350528530977,97.86791739356497,111755
2023-09-14 02:56:48.884019,97.86791739356497,100.54577574305105,98.7091594970585,100.00246432538343,189540
2023-09-15 02:56:48.884019,100.00246432538343,97.38088345497873,96.40239498356394,97.33332632328683,62116
2023-09-16 02:56:48.884019,97.33332632328683,95.6112771892395,95.1209922939739,95.57248270218516,712840
2023-09-17 02:56:48.884019,95.57248270218516,97.28852403507204,95.17651820936783,96.61032756599587,679546
2023-09-18 02:56:48.884019,96.61032756599587,98.30437168549958,97.30972118275929,97.65700251974344,1514515
2023-09-19 02:56:48.884019,97.65700251974344,100.10212518589071,98.40846512453801,98.71750821152655,1568624
2023-09-20 02:56:48.884019,98.71750821152655,108.54463026331838,106.67745714158275,106.67821305761494,1253090
2023-09-21 02:56:48.884019,106.67821305761494,109.30002971372421,106.60728486625243,107.95718991836807,1807142
2023-09-22 02:56:48.884019,107.95718991836807,111.25793319435748,109.82438307761926,110.49232612348227,554870
2023-09-23 02:56:48.884019,110.49232612348227,113.48656922561116,111.68290162436908,112.67708883280443,2301617
2023-09-24 02:56:48.884019,112.67708883280443,115.23383002966519,113.69538134086838,114.21172149269911,2141741
2023-09-25 02:56:48.884019,114.21172149269911,113.88551650868423,113.01686370498622,113.55059938111098,1444568
2023-09-26 02:56:48.884019,113.55059938111098,116.78424244813397,115.03835659682925,115.34503393103664,2437320
2023-09-27 02:56:48.884019,115.34503393103664,114.39801819226729,113.1364560451167,113.63271252732179,436786
2023-09-28 02:56:48.884019,113.63271252732179,113.4680287304198,113.0775097053899,113.15234030654493,769338
2023-09-29 02:56:48.884019,113.15234030654493,113.05184937727309,109.76118821149514,112.11529754299427,692358
2023-09-30 02:56:48.884019,112.11529754299427,114.765384920008,112.07765214625131,112.35519836233041,1434389
2023-10-01 02:56:48.884019,112.35519836233041,119.13585211076433,117.31570110559541,117.73760220833489,591513
2023-10-02 02:56:48.884019,117.73760220833489,113.83005061018068,112.74365026711067,113.47847080597484,1460454
2023-10-03 02:56:48.884019,113.47847080597484,115.83376556382298,114.2476646943732,115.10426136631563,1984303
2023-10-04 02:56:48.884019,115.10426136631563,111.96804004353409,111.3045496667532,111.5066266289449,1415667
2023-10-05 02:56:48.884019,111.5066266289449,110.71912019238987,109.79670034200512,110.51435073918134,1152433
2023-10-06 02:56:48.884019,110.51435073918134,113.15083599864215,111.51100507297596,113.00413324213952,610219
2023-10-07 02:56:48.884019,113.00413324213952,113.25569097833869,111.59901661453448,113.20609372230889,654799
2023-10-08 02:56:48.884019,113.20609372230889,111.0104166746876,110.18191435301652,110.84746867697793,1867890
2023-10-09 02:56:48.884019,110.84746867697793,110.3814021014364,107.28697241023728,109.32761604152243,1476500
2023-10-10 02:56:48.884019,109.32761604152243,113.33017175752005,109.76203962932529,110.87916236937323,980679
2023-10-11 02:56:48.884019,110.87916236937323,109.93541795769941,108.57745689472854,109.3259348520164,811431
2023-10-12 02:56:48.884019,109.3259348520164,111.35996474594661,108.98662235705697,109.85516541684515,363162
2023-10-13 02:56:48.884019,109.85516541684515,110.10744788687911,107.84301083350717,110.01032851546772,585419
2023-10-14 02:56:48.884019,110.01032851546772,111.44288443955502,107.67056071076324,108.64028096699553,2600515
2023-10-15 02:56:48.884019,108.64028096699553,114.36850725856206,112.08252922022868,113.45668473766386,2148935
2023-10-16 02:56:48.884019,113.45668473766386,116.84611296327283,114.12165624898508,114.96175550889305,1099372
2023-10-17 02:56:48.884019,114.96175550889305,112.30680866816542,110.43796047917081,110.45372561435562,1654869
2023-10-18 02:56:48.884019,110.45372561435562,111.53588331285255,109.86370599685577,110.92183308739376,533945
2023-10-19 02:56:48.884019,110.92183308739376,110.14125984777357,109.07234175601523,109.51812027476836,1096754
2023-10-20 02:56:48.884019,109.51812027476836,113.27194140075036,110.69202988366577,111.45697970696114,1598327
2023-10-21 02:56:48.884019,111.45697970696114,110.1752608239414,109.64290466640878,109.75913350057323,1006269
2023-10-22 02:56:48.884019,109.75913350057323,109.78536965384882,108.92202585047487,109.56232228360736,4196293
2023-10-23 02:56:48.884537,109.56232228360736,111.37392604262763,108.54132241153752,110.72983174531768,434178
2023-10-24 02:56:48.884537,110.72983174531768,113.86400714440545,110.95695578687183,112.7201716160827,1697852
2023-10-25 02:56:48.884537,112.7201716160827,110.81634152502278,108.32090241874216,110.10147735576585,917226
2023-10-26 02:56:48.884537,110.10147735576585,110.76131203936251,109.30786308276353,109.42205149045353,1471025
2023-10-27 02:56:48.884537,109.42205149045353,108.47875068931499,107.46713245631936,108.44178996625212,1246891
2023-10-28 02:56:48.884537,108.44178996625212,107.9121194422958,105.66297320471425,107.08757379032016,693102
2023-10-29 02:56:48.884537,107.08757379032016,111.25125053400801,110.78185935426364,110.99176741853591,1121310
2023-10-30 02:56:48.884537,110.99176741853591,113.69220289895908,110.91858120784772,111.9503719360966,394967
2023-10-31 02:56:48.884537,111.9503719360966,109.5785152519517,109.07783183635046,109.2171373343219,1352052
2023-11-01 02:56:48.884537,109.2171373343219,112.22389834810889,109.61435398872906,111.29621218636183,1160764
2023-11-02 02:56:48.884537,111.29621218636183,118.49604201693067,114.49375348966632,116.17972542175548,1376205
2023-11-03 02:56:48.884537,116.17972542175548,119.10688003456129,104.71736999408496,104.71736999408496,1697334
2023-11-04 02:56:48.884537,104.71736999408496,116.58285216015868,113.72659007978824,115.1689585668787,1201787
2023-11-05 02:56:48.884537,115.1689585668787,128.01078550914056,120.82936038405288,124.42007294659672,6547842
2023-11-06 02:56:48.884537,114.1160112635228,119.06162139192735,116.0644174875167,117.10298913155145,643692
2023-11-07 02:56:48.884537,117.10298913155145,115.99903162077553,115.02895881098144,115.51500180454495,700395
2023-11-08 02:56:48.884537,115.51500180454495,117.42527554927366,113.5666121722394,116.60320910091741,1810073
2023-11-09 02:56:48.884537,116.60320910091741,118.5490752811269,118.24727867613771,118.48299840573485,2050672
2023-11-10 02:56:48.884537,118.48299840573485,117.01458766613325,115.85668082166153,116.36489116204893,887758
2023-11-11 02:56:48.884537,116.36489116204893,116.37295065219558,115.8144357013477,116.28456811105055,1023267
2023-11-12 02:56:48.884537,116.28456811105055,109.62748432862146,107.69252745486568,109.04002466159213,636158
2023-11-13 02:56:48.884537,109.04002466159213,107.86623266634435,105.73743080881533,106.88219650739754,1797466
2023-11-14 02:56:48.884537,106.88219650739754,106.57703674825096,105.673113723391,106.39684217958725,1394740
2023-11-15 02:56:48.884537,106.39684217958725,105.29420469985602,102.58825831863348,103.82639588955149,2639550
2023-11-16 02:56:48.884537,103.82639588955149,107.44510894053826,105.41685256019909,107.325734752959,644576
2023-11-17 02:56:48.884537,107.325734752959,105.29480693523095,104.01800348030702,104.3515651637279,827783
2023-11-18 02:56:48.884537,104.3515651637279,104.25013169873039,102.96716920040045,103.48893956099067,1122684
2023-11-19 02:56:48.884537,103.48893956099067,105.09500111325605,103.72716050718346,103.81179065391922,1381603
2023-11-20 02:56:48.884537,103.81179065391922,108.06782110365228,106.52952719173794,106.90119751612237,897776
2023-11-21 02:56:48.884537,106.90119751612237,104.5599593869827,103.42053946747953,103.92690101502274,646307
2023-11-22 02:56:48.884537,103.92690101502274,107.58862788986114,105.70699187356388,106.42612177674773,1553800
2023-11-23 02:56:48.884537,106.42612177674773,106.83812118071916,106.464769851778,106.50114256661686,1434143
2023-11-24 02:56:48.884537,106.50114256661686,105.75060371506271,103.34713287889942,104.48312137282252,632460
2023-11-25 02:56:48.884537,104.48312137282252,105.65549729414457,104.36036706321087,105.50597747915549,1969385
2023-11-26 02:56:48.884537,105.50597747915549,108.43785267535493,105.25983248705923,105.97983114518202,1795169
2023-11-27 02:56:48.884537,105.97983114518202,105.17965940230903,103.56402595960097,104.7675897817937,1069454
2023-11-28 02:56:48.884537,104.7675897817937,105.16800902421481,104.26701754713935,104.96642193827117,1040601
2023-11-29 02:56:48.884537,104.96642193827117,104.53486298282961,103.73064530561108,104.21272429424214,1319204
2023-11-30 02:56:48.884537,104.21272429424214,104.64138265831248,102.69833035574246,104.50182996905777,649955
2023-12-01 02:56:48.884537,104.50182996905777,106.10941021185668,105.23000633697406,105.94787166527995,1015129
2023-12-02 02:56:48.884537,105.94787166527995,110.19193030665778,108.11057772418346,109.41713805828273,340891
2023-12-03 02:56:48.884537,109.41713805828273,107.81672250910657,105.74717630538423,106.7950121536119,1549957
2023-12-04 02:56:48.884537,106.7950121536119,112.38169370347293,110.98743875674282,111.50527400190744,458063
2023-12-05 02:56:48.884537,111.50527400190744,108.71770206584797,106.79368732260167,107.28942982039464,2120623
2023-12-06 02:56:48.884537,107.28942982039464,108.9827855747786,106.17935377666059,107.01772044185265,847842
2023-12-07 02:56:48.884537,107.01772044185265,108.88887105264176,108.06600725517256,108.33852076345805,899574
2023-12-08 02:56:48.884537,108.33852076345805,110.20627677069426,108.35226037380019,109.00356780400675,730616
2023-12-09 02:56:48.884537,109.00356780400675,110.02713925386952,106.17628708875345,107.70829745023416,865870
2023-12-10 02:56:48.884537,107.70829745023416,107.73154458026676,105.44845099438307,107.31454322574139,2032498
2023-12-11 02:56:48.884537,107.31454322574139,108.96518991122139,105.27409275291384,106.31476337336363,288256
2023-12-12 02:56:48.884537,106.31476337336363,105.12788609766142,105.03181654925356,105.12150426412813,1893605
2023-12-13 02:56:48.884537,105.12150426412813,107.87345813471975,106.11181616075712,106.97647030041676,1184134
2023-12-14 02:56:48.884537,106.97647030041676,107.88514351291664,106.90174036469149,107.79693397331233,546888
2023-12-15 02:56:48.884537,107.79693397331233,106.4717223715124,105.81075671364881,106.36653687208818,584115
2023-12-16 02:56:48.884537,106.36653687208818,109.34760105209284,107.89842359790357,108.35176545687662,2312193
2023-12-17 02:56:48.884537,108.35176545687662,109.39088330212091,107.54548505440955,109.07426846650266,623283
2023-12-18 02:56:48.884537,109.07426846650266,111.21403737435877,110.19598995778152,110.91745263105896,561762
2023-12-19 02:56:48.884537,110.91745263105896,112.7407174239484,110.6900464571563,112.37919601574502,1765894
2023-12-20 02:56:48.884537,112.37919601574502,111.3254192810562,109.42328764618257,110.58660075838111,1184447
2023-12-21 02:56:48.884537,110.58660075838111,110.49462194683626,108.31726548441964,109.40923599149627,625650
2023-12-22 02:56:48.884537,109.40923599149627,111.30667743268985,110.68563644735858,111.11227566552671,1114395
2023-12-23 02:56:48.884537,111.11227566552671,113.38369807618709,112.25167522776124,112.53323361035605,598770
2023-12-24 02:56:48.884537,112.53323361035605,113.14625949212882,110.29648487706022,112.54245812608626,1733965
2023-12-25 02:56:48.884537,112.54245812608626,113.87731234896367,109.35331614852187,112.86327198695912,1700097
2023-12-26 02:56:48.884537,112.86327198695912,115.87501733238828,115.1395292305281,115.84237161134435,1304739
2023-12-27 02:56:48.884537,115.84237161134435,114.54756592137933,114.32729315175895,114.53712128513298,1198212
2023-12-28 02:56:48.884537,114.53712128513298,117.11324141028992,115.23592274450554,115.85517520000663,2412332
2023-12-29 02:56:48.884537,115.85517520000663,115.99334506458017,114.42057141291362,115.44532813199513,999843
2023-12-30 02:56:48.884537,115.44532813199513,115.03008267126808,114.63252940064804,115.0013013430246,553808
2023-12-31 02:56:48.884537,115.0013013430246,118.57710077492781,115.5038397207858,117.61528263086343,1251993
2024-01-01 02:56:48.884537,117.61528263086343,121.2959753819787,119.35759057603556,119.63283073795654,2837784
2024-01-02 02:56:48.884537,119.63283073795654,122.33462331319367,121.05047913160186,121.6560135314186,602071
2024-01-03 02:56:48.884537,121.6560135314186,124.94961774943815,124.1046998542116,124.9366835295474,834659
2024-01-04 02:56:48.884537,124.9366835295474,126.69216112527931,124.52448660385959,125.05168777587005,1231487
2024-01-05 02:56:48.884537,125.05168777587005,128.1832686642382,125.76831183540995,126.83235987006125,973407
2024-01-06 02:56:48.884537,126.83235987006125,126.49572039543462,125.33237615586589,126.11079908177794,611921
2024-01-07 02:56:48.884537,126.11079908177794,127.76860152441313,126.285541396734,126.99455422036223,1752299
2024-01-08 02:56:48.884537,126.99455422036223,126.96472749074238,125.33358183583522,126.72778290380258,3189998
2024-01-09 02:56:48.884537,126.72778290380258,127.1093325648554,126.47903520554517,127.03736599242943,1103035
2024-01-10 02:56:48.884537,127.03736599242943,129.30414626419244,127.62095014244024,128.6228403981556,636332
2024-01-11 02:56:48.884537,128.6228403981556,126.68766540614229,126.01888187730445,126.59841507047543,460943
2024-01-12 02:56:48.884537,126.59841507047543,132.71725412610348,129.8631274980133,132.07470849818117,1137676
2024-01-13 02:56:48.884537,132.07470849818117,129.59211288724117,129.5013656405352,129.50861296690206,1736616
2024-01-14 02:56:48.884537,129.50861296690206,128.96301922328826,125.61902789636099,126.46475036167055,1268181
2024-01-15 02:56:48.884537,126.46475036167055,130.70924390671422,128.07919671889024,129.49287153194243,998798
2024-01-16 02:56:48.884537,129.49287153194243,131.81493429242454,131.11575758369352,131.62527864571217,744802
2024-01-17 02:56:48.884537,131.62527864571217,134.95830081744086,132.4177641468146,133.34523057336548,579214
2024-01-18 02:56:48.884537,133.34523057336548,135.90957259163804,133.95194533759144,135.09907443017246,1517972
2024-01-19 02:56:48.884537,135.09907443017246,137.2020955636509,134.73628987249884,135.13353780886618,1579148
2024-01-20 02:56:48.884537,135.13353780886618,134.415038916804,132.70148369464815,132.79656504171123,461688
2024-01-21 02:56:48.884537,132.79656504171123,133.34858191648715,131.0448129889569,133.0645650885713,2214262
2024-01-22 02:56:48.884537,133.0645650885713,133.29816594012942,130.87131959671484,131.3402426152616,1332471
2024-01-23 02:56:48.884537,131.3402426152616,134.19301757956944,132.80075404024498,133.9938123858872,2013344
2024-01-24 02:56:48.884537,133.9938123858872,134.11768571642554,132.89825269500278,133.6671126317454,511164
2024-01-25 02:56:48.884537,133.6671126317454,132.35104457601966,130.88555279689115,131.54414926072212,505143
2024-01-26 02:56:48.884537,131.54414926072212,131.16222894636363,130.70161191303998,130.76669932089683,928221
2024-01-27 02:56:48.884537,130.76669932089683,132.42913827700778,131.90774929228922,131.91706680397522,1285814
2024-01-28 02:56:48.884537,131.91706680397522,130.72575611601178,129.64161596908022,130.5033572245565,2455131
2024-01-29 02:56:48.884537,130.5033572245565,128.64529891130437,127.54149055238736,128.43905920072277,1423387
2024-01-30 02:56:48.884537,128.43905920072277,129.13504901560407,128.5875085960978,129.13111565579686,885732
2024-01-31 02:56:48.884537,129.13111565579686,130.39750080403493,129.19143383629412,129.83022300386423,598586
2024-02-01 02:56:48.884537,129.83022300386423,130.11580934435318,127.90841803688863,128.58481898714203,1849657
2024-02-02 02:56:48.884537,128.58481898714203,128.65298391151893,124.69856362353393,127.44284510549559,617329
2024-02-03 02:56:48.884537,127.44284510549559,130.00186572638617,126.69426614707825,128.099715651093,2257446
2024-02-04 02:56:48.884537,128.099715651093,127.68494166264703,123.90900019232626,124.5051776174283,867454
2024-02-05 02:56:48.884537,124.5051776174283,122.24140855911398,120.06494859133299,121.10985506873378,2215085
2024-02-06 02:56:48.884537,121.10985506873378,121.0744147105993,118.61348669379272,119.44179032168614,1404197
2024-02-07 02:56:48.884537,119.44179032168614,119.2599221840815,118.5260027682927,118.99246828451977,933795
2024-02-08 02:56:48.884537,118.99246828451977,121.19630084787732,118.52482276874125,119.794568991595,771284
2024-02-09 02:56:48.884537,119.794568991595,125.66816819025009,122.68208101547722,123.4437362122868,843281
2024-02-10 02:56:48.884537,123.4437362122868,126.32256665127383,124.78340868833547,125.64226063903952,1238818
2024-02-11 02:56:48.884537,125.64226063903952,126.25488717272215,123.59204593626775,125.30363813775244,1039332
2024-02-12 02:56:48.884537,125.30363813775244,126.0411098174791,123.79984319582458,125.31863485349992,743114
2024-02-13 02:56:48.884537,125.31863485349992,126.07657006296645,122.57131962440702,122.89237661114957,920520
2024-02-14 02:56:48.884537,122.89237661114957,123.57970125004864,122.4544490350911,122.90832136813488,1040070
2024-02-15 02:56:48.884537,122.90832136813488,122.74093743186828,122.08660089053427,122.2619103699571,344946
2024-02-16 02:56:48.884537,122.2619103699571,124.93589231538193,120.92831414965741,123.11512843800121,1257447
2024-02-17 02:56:48.884537,123.11512843800121,121.37770619254928,113.56988326361947,113.56988326361947,612711
2024-02-18 02:56:48.884537,113.56988326361947,122.50052544742927,121.22098119171363,122.48177367261559,561768
2024-02-19 02:56:48.884537,122.48177367261559,127.08970953843202,124.64852648284763,126.35772994974424,430128
2024-02-20 02:56:48.884537,126.35772994974424,126.29707843489187,124.22583354998886,126.14623230556032,407813
2024-02-21 02:56:48.884537,126.14623230556032,128.4654110572471,125.81175623859471,127.22740073639036,507771
2024-02-22 02:56:48.884537,127.22740073639036,130.60449234415304,128.24806627087983,129.06019483279118,701516
2024-02-23 02:56:48.884537,129.06019483279118,128.2958022918266,126.12814361387922,128.09273742211275,2655490
2024-02-24 02:56:48.884537,128.09273742211275,128.76761818573172,128.04271792904842,128.73246837804132,768788
2024-02-25 02:56:48.884537,128.73246837804132,130.03161452705965,126.62971485365043,128.82929202271083,1092944
2024-02-26 02:56:48.884537,128.82929202271083,129.71824585694276,127.70382156379173,129.14576559987313,1221696
2024-02-27 02:56:48.884537,129.14576559987313,128.35381744895238,125.65580012832807,127.22809976918974,1067727
2024-02-28 02:56:48.884537,127.22809976918974,127.57439784532433,127.15560108152735,127.35414387134962,962018
2024-02-29 02:56:48.884537,127.35414387134962,130.89610854611408,127.98764641414958,128.69325518376237,550104
2024-03-01 02:56:48.884537,128.69325518376237,134.36773547420233,132.33718722373234,132.54929024636505,2065688
2024-03-02 02:56:48.884537,132.54929024636505,137.3657138301473,134.50609791892427,135.1844300509062,2468469
2024-03-03 02:56:48.884537,135.1844300509062,143.28106342740188,139.62590759915918,141.20371625257573,431137
2024-03-04 02:56:48.884537,141.20371625257573,139.41397460274257,137.1075656561738,139.12275773050598,599287
2024-03-05 02:56:48.884537,139.12275773050598,142.58973902847185,141.13246699328465,141.64205068088717,869440
2024-03-06 02:56:48.884537,141.64205068088717,143.71257444765533,140.34739800904873,142.2334818033358,617381
2024-03-07 02:56:48.884537,142.2334818033358,149.5758907750076,148.06076756061242,148.67548891038655,1287861
2024-03-08 02:56:48.884537,148.67548891038655,149.03712291490427,145.98353481056472,146.36449305454457,694796
2024-03-09 02:56:48.884537,146.36449305454457,144.9750972192445,142.6110893091858,143.99889147946345,2952133
2024-03-10 02:56:48.884537,143.99889147946345,143.04868092233448,140.9915751842926,142.35411893608006,1813528
2024-03-11 02:56:48.884537,142.35411893608006,139.44684800165842,136.03279987263798,136.5020774730542,1112141
2024-03-12 02:56:48.884537,136.5020774730542,135.9603925543736,135.0760687205449,135.14181839314824,1671118
2024-03-13 02:56:48.884537,135.14181839314824,134.16033765793946,133.12839742205438,133.1720738610081,1738374
2024-03-14 02:56:48.884537,133.1720738610081,134.0400199995521,132.62639175105272,133.64004525963813,754293
2024-03-15 02:56:48.884537,133.64004525963813,136.3763700395887,134.31374049169327,134.6239149532373,664906
2024-03-16 02:56:48.884537,134.6239149532373,146.2208769071258,133.46180259378903,139.84133975045742,1039844
2024-03-17 02:56:48.884537,139.84133975045742,142.64185232848402,141.3268263772732,142.59621562307387,1538515
2024-03-18 02:56:48.884537,142.59621562307387,142.09343506612154,139.5708619094911,141.03088318946507,1072004
2024-03-19 02:56:48.884537,141.03088318946507,139.2261762116278,136.03009888446942,138.58870676723893,454526
2024-03-20 02:56:48.884537,138.58870676723893,140.9779194028044,138.72733784088643,140.02892187714482,669374
2024-03-21 02:56:48.884537,140.02892187714482,139.1953285651341,134.40611418847138,136.4480999218159,963689
2024-03-22 02:56:48.886569,136.4480999218159,141.80287931404334,140.68903641715468,141.60953227031337,962873
2024-03-23 02:56:48.886569,141.60953227031337,145.59209743488498,144.94111720674135,145.0621541230758,2681217
2024-03-24 02:56:48.886569,145.0621541230758,144.04473145944706,141.6949113000337,143.779199593867,500076
2024-03-25 02:56:48.886569,143.779199593867,140.87844526762603,137.724421604807,139.0058607731637,1287618
2024-03-26 02:56:48.886569,139.0058607731637,144.28099982827143,141.4580537848055,142.89263492731982,2105507
2024-03-27 02:56:48.886569,142.89263492731982,144.34920627973477,142.34133238417715,142.63697222724807,3113429
2024-03-28 02:56:48.886569,142.63697222724807,147.24627634064083,146.18389573861737,146.2853363352803,816932
2024-03-29 02:56:48.886569,146.2853363352803,143.2491193478616,140.74179534600214,141.76496634559422,1278534
2024-03-30 02:56:48.886569,141.76496634559422,140.89785543147084,139.89795240237459,140.14575935633482,1329602
2024-03-31 02:56:48.886569,140.14575935633482,141.89327504746393,139.46394300494435,140.2305555245029,1102677
2024-04-01 02:56:48.886569,140.2305555245029,141.44222315218119,140.05108620394384,140.43257847994727,951778
2024-04-02 02:56:48.886569,140.43257847994727,140.63071244491704,136.91360010253118,139.24377801635654,1243571
2024-04-03 02:56:48.886569,139.24377801635654,142.1272313642174,139.16884817597767,141.05969849406347,281922
2024-04-04 02:56:48.886569,141.05969849406347,140.11293319832816,136.35336511826088,138.14871996194194,1406402
2024-04-05 02:56:48.886569,138.14871996194194,139.89399369358668,136.68120692182882,137.82478383316447,1065121
2024-04-06 02:56:48.886569,137.82478383316447,138.6719001212983,137.1043131250286,138.22587309675157,894726
2024-04-07 02:56:48.886569,138.22587309675157,140.0757117899013,138.12082119280853,139.72523476878186,2782726
2024-04-08 02:56:48.886569,139.72523476878186,143.68231156269903,140.63792819410148,141.79894626520093,713575
2024-04-09 02:56:48.886569,141.79894626520093,139.485998734355,136.58109400607333,138.71442746144612,817472
2024-04-10 02:56:48.886569,138.71442746144612,135.20384130143157,133.07942477833842,134.590260760213,2706825
2024-04-11 02:56:48.886569,134.590260760213,141.13368820164496,136.87542643899576,138.14289136429383,659660
2024-04-12 02:56:48.886569,138.14289136429383,140.0289853346457,137.7177256375406,139.1336350286458,759528
2024-04-13 02:56:48.886569,139.1336350286458,138.40729688664237,136.76258938127216,137.1349042157231,929124
2024-04-14 02:56:48.886569,137.1349042157231,141.6073592378365,140.74618444971844,141.52667046044422,1522520
2024-04-15 02:56:48.886569,141.52667046044422,142.3066160900315,141.44203272244465,141.9254153825693,1109490
2024-04-16 02:56:48.886569,141.9254153825693,147.6074920144823,144.8173087243651,145.38532325193862,523974
2024-04-17 02:56:48.886569,145.38532325193862,146.39427496513494,143.72252135698756,145.6545888821149,766374
2024-04-18 02:56:48.886569,145.6545888821149,152.67652568376465,150.26862726779987,151.8590742414419,738099
2024-04-19 02:56:48.886569,151.8590742414419,159.05144958950868,155.5232019996333,157.36371222958334,962125
2024-04-20 02:56:48.886569,157.36371222958334,157.23214839928627,156.3010474651309,156.66041194976248,1237287
2024-04-21 02:56:48.886569,156.66041194976248,161.15537783943094,159.74471926951205,159.81420160974133,1232571
2024-04-22 02:56:48.886569,159.81420160974133,163.6636336653545,159.49138681820074,161.97134219046922,411475
2024-04-23 02:56:48.886569,161.97134219046922,169.82437014180869,165.69292646382573,166.549414750299,1702283
2024-04-24 02:56:48.886569,166.549414750299,166.80860999728205,162.51276977127225,163.44778498861658,1134604
2024-04-25 02:56:48.886569,163.44778498861658,167.61778275487458,165.68568125470279,165.78878698740107,1998238
2024-04-26 02:56:48.886569,165.78878698740107,169.79523186315632,167.51549935640912,169.42038312639625,1248695
2024-04-27 02:56:48.886569,169.42038312639625,164.09944556460468,163.09974489485515,163.64645042503207,12237091
2024-04-28 02:56:48.886569,163.64645042503207,172.7840112865284,158.99632391434653,172.7840112865284,1262725
2024-04-29 02:56:48.886569,172.7840112865284,154.83852155726203,152.0196078587246,153.58566612554958,1960330
2024-04-30 02:56:48.886569,153.58566612554958,154.15187000547644,152.80075394675168,152.836750288771,1298390
2024-05-01 02:56:48.886569,152.836750288771,156.02793262384776,154.85297849921935,155.12344282679334,952221
2024-05-02 02:56:48.886569,155.12344282679334,160.20242447025473,159.57479159014505,159.93513812647112,3114963
2024-05-03 02:56:48.886569,159.93513812647112,160.70526841679586,159.66025131482692,160.2524271873934,1559739
2024-05-04 02:56:48.886569,160.2524271873934,166.05289411820405,165.4231872807018,165.64095974998057,1332253
2024-05-05 02:56:48.886569,165.64095974998057,163.80327567056497,159.8803535553625,161.2120410605664,528267
2024-05-06 02:56:48.886569,161.2120410605664,156.65573247752073,155.2094766097526,155.8903499074539,525106
2024-05-07 02:56:48.886569,155.8903499074539,156.9400410211009,153.29216816854128,155.7951371663198,1157610
2024-05-08 02:56:48.886569,155.7951371663198,158.11619412806593,154.32681509585768,157.0749735506345,1075473
2024-05-09 02:56:48.886569,157.0749735506345,158.8937524722339,154.88121764865988,157.05080236352697,735605
2024-05-10 02:56:48.886569,157.05080236352697,151.03763921245178,148.81644629465103,150.7647225616953,1073035
2024-05-11 02:56:48.886569,150.7647225616953,152.52416506973097,149.53300225241316,150.5715056795603,2212921
2024-05-12 02:56:48.886569,150.5715056795603,147.35396467746267,146.02915049116797,146.7673532494185,1415809
2024-05-13 02:56:48.886569,146.7673532494185,149.79004302738215,148.42856571899907,148.8206892088319,565240
2024-05-14 02:56:48.886569,148.8206892088319,150.78370038797166,149.54951467675372,149.99082387189097,945771
2024-05-15 02:56:48.886569,149.99082387189097,148.13485454764077,146.92609314920432,147.2713085841535,668657
2024-05-16 02:56:48.886569,147.2713085841535,147.64429584812078,144.69537225034253,145.83840358488015,823781
2024-05-17 02:56:48.886569,145.83840358488015,142.8832133423179,141.8663688838008,142.8528262937532,3307741
2024-05-18 02:56:48.887027,142.8528262937532,143.18605988433202,141.43739541038823,142.74521553485485,787554
2024-05-19 02:56:48.887027,142.74521553485485,148.04896653654902,144.36014243521345,145.57103463001675,533888
2024-05-20 02:56:48.887027,145.57103463001675,143.1444550280479,142.70472686365486,142.80065790381386,938166
2024-05-21 02:56:48.887027,142.80065790381386,148.0743834832364,143.28666141717744,144.3196436830882,755554
2024-05-22 02:56:48.887027,144.3196436830882,143.67655127322658,141.8941771290685,142.86861547215133,231141
2024-05-23 02:56:48.887027,142.86861547215133,143.1685185179057,138.59885323816215,140.6912788741103,2791240
2024-05-24 02:56:48.887027,140.6912788741103,141.5187975174921,139.64590244009568,140.46064898739647,1723547
2024-05-25 02:56:48.887027,140.46064898739647,138.17581042144582,137.3215985256102,137.65114155352768,828490
2024-05-26 02:56:48.887027,137.65114155352768,137.96011219960513,135.52283654404857,136.20342477738382,1009453
2024-05-27 02:56:48.887027,136.20342477738382,133.94124542125434,132.417628917502,133.04560720486728,556645
2024-05-28 02:56:48.887027,133.04560720486728,138.63853600087816,138.3416903807473,138.44684805510894,2334648
2024-05-29 02:56:48.887027,138.44684805510894,140.31086111913282,137.58435420066306,138.61381463134782,2582206
2024-05-30 02:56:48.887027,138.61381463134782,137.86514119417978,135.64656567459775,136.75585343438877,1081497
2024-05-31 02:56:48.887027,136.75585343438877,138.57976516037118,135.7103710180401,137.41105602255436,1668233
2024-06-01 02:56:48.887027,137.41105602255436,137.96758007570506,135.97903629408032,137.1712686945386,1091598
2024-06-02 02:56:48.887027,137.1712686945386,137.4388952304865,135.42234582398598,136.6346929349251,512547
2024-06-03 02:56:48.887027,136.6346929349251,140.7035750118574,137.33622044440233,138.39255155967552,813904
2024-06-04 02:56:48.887027,138.39255155967552,141.1302644424351,140.52212186683263,140.57545315092875,1068188
2024-06-05 02:56:48.887027,140.57545315092875,140.82559975036733,138.21046209185596,139.1613922317752,796702
2024-06-06 02:56:48.887027,139.1613922317752,138.24868965357715,137.34866023258613,137.6367529773881,896437
2024-06-07 02:56:48.887027,137.6367529773881,138.588933767922,135.48070021486015,136.95014520934006,955328
2024-06-08 02:56:48.887027,136.95014520934006,131.65144279974288,127.76031002558872,130.85352040262757,960367
2024-06-09 02:56:48.887027,130.85352040262757,127.18134558143353,126.0128391323969,127.01112886516914,1026473
2024-06-10 02:56:48.887027,127.01112886516914,130.61565349779315,128.79287571590535,130.59647123378886,588426
2024-06-11 02:56:48.887027,130.59647123378886,136.0918317331549,134.62171586438834,135.03196809346753,698717
2024-06-12 02:56:48.887027,135.03196809346753,135.29975327664738,133.45829696093594,134.4282810331568,526085
2024-06-13 02:56:48.887027,134.4282810331568,136.21993112818126,135.7412685615099,136.05537467143478,1630534
2024-06-14 02:56:48.887027,136.05537467143478,137.54807897500078,134.9828500006403,136.97343099245484,348951
2024-06-15 02:56:48.887027,136.97343099245484,147.03936792772132,143.7949217382607,145.74588460240648,1780323
2024-06-16 02:56:48.887027,145.74588460240648,149.77304715878122,148.08742110736708,149.12070625178194,2000055
2024-06-17 02:56:48.887027,149.12070625178194,149.88908421973625,147.9124728540548,148.81407905482115,859770
2024-06-18 02:56:48.887027,148.81407905482115,146.61473924261037,143.5586435928222,146.07014133042327,272104
2024-06-19 02:56:48.887027,146.07014133042327,143.9664394755193,138.70254328233284,141.52239880672872,834723
2024-06-20 02:56:48.887027,141.52239880672872,142.73869776007834,141.08057310936707,142.17053286546684,968417
2024-06-21 02:56:48.887027,142.17053286546684,140.42093423185264,139.33617386734497,140.1061371418539,603325
2024-06-22 02:56:48.887027,140.1061371418539,137.5156699868848,135.07391499746007,136.24506103875746,772897
2024-06-23 02:56:48.887027,136.24506103875746,136.47039932403774,134.04089052109475,134.5618205714416,2149204
2024-06-24 02:56:48.887027,134.5618205714416,134.06806619657561,131.6884032461427,131.7482317227722,1394399
2024-06-25 02:56:48.887027,131.7482317227722,138.41784195000008,136.3031817468986,136.33779575984434,629844
2024-06-26 02:56:48.887027,136.33779575984434,140.58540845306558,136.16740015702854,138.8325309864451,449868
2024-06-27 02:56:48.887027,138.8325309864451,139.64623765275445,138.86060022716913,138.87981806376894,849159
2024-06-28 02:56:48.887027,138.87981806376894,146.78487404445897,142.1363274856366,143.12348994701108,898769
2024-06-29 02:56:48.887027,143.12348994701108,144.22604224887175,142.70959525442188,143.41681630678983,1281587
2024-06-30 02:56:48.887027,143.41681630678983,141.2983084040131,139.00195089169281,141.03802089844174,765169
2024-07-01 02:56:48.887027,141.03802089844174,147.71657296352706,143.6453350323145,145.47321602094746,1291429
2024-07-02 02:56:48.887027,145.47321602094746,150.07460662117109,145.92676566814677,147.1231789906069,2631560
2024-07-03 02:56:48.887027,147.1231789906069,147.14679396962126,143.77243507008723,144.17462883949287,1503432
2024-07-04 02:56:48.887027,144.17462883949287,145.43506949936446,143.29665175450887,143.69866337729945,976242
2024-07-05 02:56:48.887027,143.69866337729945,142.72142763099345,140.15809108961287,141.2746865080073,912492
2024-07-06 02:56:48.887027,141.2746865080073,138.30451934760467,137.02231887337075,137.48985490487567,836660
2024-07-07 02:56:48.887027,137.48985490487567,141.2211579349524,139.33083466879165,140.13043715626586,1804566
2024-07-08 02:56:48.887027,140.13043715626586,146.46093507221582,144.24784922413906,145.65808849376103,730769
2024-07-09 02:56:48.887027,145.65808849376103,142.87060521467956,141.2416255195699,141.71112636110777,1022868
2024-07-10 02:56:48.887027,141.71112636110777,143.39223721258855,142.5095283386003,143.38739866588793,1025929
2024-07-11 02:56:48.887027,143.38739866588793,141.84538086905877,140.0677711640257,141.6043919691074,778106
2024-07-12 02:56:48.887027,141.6043919691074,140.93752829681594,139.14357737605627,140.30164190204914,503469
2024-07-13 02:56:48.887027,140.30164190204914,139.68453379955324,134.62757546390617,138.71851547051824,1175257
2024-07-14 02:56:48.887027,138.71851547051824,137.71339892312733,134.71239385173692,136.41026456075366,969958
2024-07-15 02:56:48.887027,136.41026456075366,136.73176772496473,134.76527807462134,136.61099419866136,1284179
2024-07-16 02:56:48.887027,136.61099419866136,136.41280723151615,132.64887813168767,134.42661357894335,765826
2024-07-17 02:56:48.887027,134.42661357894335,136.76714018093202,134.571715126515,135.2233103667044,1841187
2024-07-18 02:56:48.887027,135.2233103667044,135.41681255766875,134.41541584529475,135.15507197609074,645076
2024-07-19 02:56:48.887027,135.15507197609074,135.54266928078425,133.83930744960537,134.57798425105537,2353774
2024-07-20 02:56:48.887027,134.57798425105537,134.6913510410618,131.8862426266585,132.22335372741753,417354
2024-07-21 02:56:48.887027,132.22335372741753,130.8803575791994,130.60817486036808,130.7722341990718,1242822
2024-07-22 02:56:48.887027,130.7722341990718,132.99103218955415,132.39379567854374,132.82931580715638,1268348
2024-07-23 02:56:48.887027,132.82931580715638,136.2653954779339,134.11853638860697,134.23383386397552,671810
2024-07-24 02:56:48.887027,134.23383386397552,132.53152041386295,128.77790183540785,131.70073677762494,1236391
2024-07-25 02:56:48.887027,131.70073677762494,133.38085732849046,131.72523609865263,132.02863741969654,1896024
2024-07-26 02:56:48.887027,132.02863741969654,136.5809842411197,132.95305229401694,134.0947435687663,330083
2024-07-27 02:56:48.887027,134.0947435687663,131.34072203018425,129.52900528747165,129.7563532350988,1285788
2024-07-28 02:56:48.887027,129.7563532350988,132.00367861660092,127.32188912432561,137.3318099386979,287470
2024-07-29 02:56:48.887027,131.23973513235717,129.87020061022483,129.1005591959625,135.59160895945112,617033
2024-07-30 02:56:48.887027,129.57672992114385,132.38758186833388,130.7183444124822,137.21643079925843,2258234
2024-07-31 02:56:48.887027,131.12947424155124,129.6884665051294,128.0165101477343,135.20528904548516,747597
2024-08-01 02:56:48.887027,129.20754725903606,126.04651521198993,124.08710728303741,130.4769575911075,556026
2024-08-02 02:56:48.887027,124.68896581772601,123.03169363912706,120.2486545950702,126.36136675477731,905770
2024-08-03 02:56:48.887027,120.75594366128439,122.79886579806958,120.19870147099357,120.93258155957889,2812160
2024-08-04 02:56:48.887027,120.93258155957889,122.21774481962254,119.12195665711602,121.62319055583235,400179
2024-08-05 02:56:48.887027,121.62319055583235,120.84095889883918,118.15153726064611,119.50298267154818,591168
2024-08-06 02:56:48.887027,119.50298267154818,121.27019234832092,120.52601324114119,121.09957969546275,2114283
2024-08-07 02:56:48.887027,121.09957969546275,119.2727184538149,116.114385985985,117.20010564903609,2531599
2024-08-08 02:56:48.887027,117.20010564903609,117.48229590796606,116.45332734092429,117.10385405957942,949598
2024-08-09 02:56:48.887027,117.10385405957942,114.52759475948308,113.30819936175185,114.35879821565669,538199
2024-08-10 02:56:48.887027,114.35879821565669,113.46037710782888,112.46271384965857,112.93406315050458,2851718
2024-08-11 02:56:48.887027,112.93406315050458,114.90127972479846,112.76396719339549,113.09770712034195,2219365
2024-08-12 02:56:48.887027,113.09770712034195,111.79498461459758,110.13839952599979,111.22373937065906,1404208
2024-08-13 02:56:48.887027,111.22373937065906,111.01503046853763,109.4125663282292,110.42678605202683,666176
2024-08-14 02:56:48.887027,110.42678605202683,114.04690944137491,111.32381126304294,112.72808460105345,975783
2024-08-15 02:56:48.887027,112.72808460105345,114.69295606026671,111.42940578755532,111.49065218618173,922950
2024-08-16 02:56:48.887027,111.49065218618173,113.45765730633396,112.62159690096404,113.42644812682954,1179895
2024-08-17 02:56:48.887027,113.42644812682954,112.91414588094565,109.55158607676435,110.94787047498171,2065765
2024-08-18 02:56:48.887027,110.94787047498171,114.04950992244808,111.94235042851575,112.18581277038464,1552254
2024-08-19 02:56:48.887027,112.18581277038464,116.05317126417039,115.16873522787887,115.52511030952837,583513
2024-08-20 02:56:48.887027,115.52511030952837,110.67069516894848,107.33862501844285,110.00821244620901,1990226
2024-08-21 02:56:48.887027,110.00821244620901,108.8307481112058,107.85396308116363,108.32295797081963,1169488
2024-08-22 02:56:48.887027,108.32295797081963,110.7297894256756,108.12485367278644,109.63520747799147,1409919
2024-08-23 02:56:48.887027,109.63520747799147,109.57519496019626,108.62851069786078,109.24550088760027,2081878
2024-08-24 02:56:48.887027,109.24550088760027,110.95804719059453,108.9897909378277,110.11448186140878,573618
2024-08-25 02:56:48.887027,110.11448186140878,110.18221982344886,106.57354103374541,108.84674297082388,982246
2024-08-26 02:56:48.887027,108.84674297082388,109.19919596882868,107.35978973774236,109.08993794894334,766648
2024-08-27 02:56:48.887027,109.08993794894334,109.02680639902644,106.75974330632154,108.80519877030348,456608
2024-08-28 02:56:48.887027,108.80519877030348,112.41037805513088,109.34716991723123,111.43202428583095,1189288
2024-08-29 02:56:48.887027,111.43202428583095,105.38910357177532,99.93645897982198,102.66278127579865,23758538
2024-08-30 02:56:48.887027,112.05649616915947,113.1277210924324,111.89202948394806,112.87208963456195,398503
2024-08-31 02:56:48.887027,112.87208963456195,112.4135646134033,111.40331165974418,112.00210750352817,983989
2024-09-01 02:56:48.887027,112.00210750352817,111.98443971114966,108.04572325643896,110.970629104021,1377501
2024-09-02 02:56:48.887027,110.970629104021,110.95382305430644,110.06605045161686,110.06976586382507,1063472
2024-09-03 02:56:48.887027,110.06976586382507,112.65386981263815,110.6331580713552,110.99702983638583,945005
2024-09-04 02:56:48.887027,110.99702983638583,110.4200048022885,109.10362000639556,110.12143958975284,522250
2024-09-05 02:56:48.887027,110.12143958975284,110.84057419358564,109.69332760214972,110.81689562131044,1123437
2024-09-06 02:56:48.887027,110.81689562131044,116.43481692325865,115.47222528028574,115.57125500810042,684968
2024-09-07 02:56:48.887027,115.57125500810042,120.51364465619281,116.57238697341182,117.66125318572283,334552
2024-09-08 02:56:48.887027,117.66125318572283,117.98894051003023,116.65632108634738,116.95500517100217,1817198
2024-09-09 02:56:48.887027,116.95500517100217,120.74187382253415,105.60250287489843,105.60250287489843,1614770
2024-09-10 02:56:48.887027,105.60250287489843,119.2785347600472,118.45850164986304,118.94391275595007,1026166
2024-09-11 02:56:48.887027,118.94391275595007,114.32659864772533,113.11234200886966,114.25006171195464,1121354
2024-09-12 02:56:48.887027,114.25006171195464,112.60363209715928,111.29620825277122,112.0256478460345,1711138
2024-09-13 02:56:48.887027,112.0256478460345,109.65254045212383,107.03869824940875,107.96552954337817,1118702
2024-09-14 02:56:48.887027,107.96552954337817,107.83025920320819,107.01112202832988,107.26278258017166,1571465
2024-09-15 02:56:48.887027,107.26278258017166,108.20865708045412,107.31491578754698,107.3559665566282,861792
2024-09-16 02:56:48.887027,107.3559665566282,112.46518793798784,109.46304350411539,111.07202329766514,1927052
2024-09-17 02:56:48.887027,111.07202329766514,112.18493061566961,111.52135878126941,111.85656679120477,1173971
2024-09-18 02:56:48.887027,111.85656679120477,112.93472675416274,111.36724058500135,111.42318016589938,1101888
2024-09-19 02:56:48.887027,111.42318016589938,113.87222126297148,110.37305294405087,113.34355294886255,529919
2024-09-20 02:56:48.887027,113.34355294886255,108.53331137018458,107.28821762467533,108.49464227146566,1154281
2024-09-21 02:56:48.887027,108.49464227146566,110.8231132834182,107.464768811482,109.06162429055806,659695
2024-09-22 02:56:48.887027,109.06162429055806,112.10214578677075,109.70684689097858,110.81148085993826,726772
2024-09-23 02:56:48.887027,110.81148085993826,108.42706422751685,107.33430961552456,107.6363764723801,665186
2024-09-24 02:56:48.887027,107.6363764723801,111.07477441833743,108.24433829368832,110.18202190073501,586772
2024-09-25 02:56:48.887027,110.18202190073501,111.2085596552196,110.57297119804893,110.98595601420283,2893265
2024-09-26 02:56:48.887027,110.98595601420283,111.38791276370758,109.69444509175258,110.12299886839423,1945792
2024-09-27 02:56:48.887027,110.12299886839423,112.71477584489142,111.52203584681452,111.5813085665706,2612176
2024-09-28 02:56:48.887027,111.5813085665706,116.89592575433872,115.39444845945076,116.82386896737304,542564
2024-09-29 02:56:48.887027,116.82386896737304,117.81124549155818,116.02196012176475,117.30820853710885,1036269
2024-09-30 02:56:48.887027,117.30820853710885,118.7685083617727,117.21299096741903,117.95098348144082,523743
2024-10-01 02:56:48.887027,117.95098348144082,117.13706990702627,115.38814975241385,116.93075546348908,706206
2024-10-02 02:56:48.887027,116.93075546348908,115.43973257770391,114.7841225879645,115.01758601717927,631875
2024-10-03 02:56:48.887027,115.01758601717927,117.97038278268346,116.06602316861515,117.00208496952061,1858541
2024-10-04 02:56:48.887027,117.00208496952061,115.17251634195483,115.00028777746878,115.07338765747367,820275
2024-10-05 02:56:48.887027,115.07338765747367,116.53197823886505,113.86913171728521,115.29584648945259,1706065
2024-10-06 02:56:48.887027,115.29584648945259,117.59460719214465,113.73426850431238,114.25676658897241,1352642
2024-10-07 02:56:48.887027,114.25676658897241,115.91810462455712,115.36482810496274,115.41425239035176,3163944
2024-10-08 02:56:48.887027,115.41425239035176,117.29590339114617,116.17767462171102,116.2451232212854,477246
2024-10-09 02:56:48.887027,116.2451232212854,121.54764974111117,117.73441721201404,118.74185982083894,1876890
2024-10-10 02:56:48.887027,118.74185982083894,118.78299221832825,114.9533505589008,117.59559340433879,1773970
2024-10-11 02:56:48.887027,117.59559340433879,117.74561811785192,116.3111099126113,117.02107713251178,614657
2024-10-12 02:56:48.887027,117.02107713251178,117.17223428595767,114.56744840238851,114.81002325863628,1654612
2024-10-13 02:56:48.887027,114.81002325863628,113.87494139636514,112.48496239376499,113.85126749661715,1183022
2024-10-14 02:56:48.887027,113.85126749661715,115.60654742510131,114.20644967612424,114.77101108869716,892491
2024-10-15 02:56:48.887027,114.77101108869716,116.79333455199463,114.39242639521233,116.58011367305066,662345
2024-10-16 02:56:48.887027,116.58011367305066,116.08126528148749,113.79732382305099,114.50693641443641,697987
2024-10-17 02:56:48.887027,114.50693641443641,117.32717354073286,115.83347803265782,116.5741463134279,2786833
2024-10-18 02:56:48.887027,116.5741463134279,120.7956688039944,118.41226167639651,119.8379336175878,1000341
2024-10-19 02:56:48.887027,119.8379336175878,121.47698188926546,120.13858471791018,120.89337694332445,1478554
2024-10-20 02:56:48.887027,120.89337694332445,126.77742909295502,125.34850938846822,125.58023676951223,673377
2024-10-21 02:56:48.887027,125.58023676951223,123.86534628138669,122.96543512071126,123.71358643397963,677106
2024-10-22 02:56:48.887027,123.71358643397963,122.69385033212673,118.06950657569675,120.7323380435269,1717710
2024-10-23 02:56:48.887027,120.7323380435269,116.94774288322634,115.52540557320818,116.57112573753035,509264
2024-10-24 02:56:48.887027,116.57112573753035,120.4750708420258,118.63977261179741,120.17181306319218,812526
2024-10-25 02:56:48.887027,120.17181306319218,122.17124043125483,121.02211177272056,121.81576829206253,1017159
2024-10-26 02:56:48.887027,121.81576829206253,123.6443256287172,120.35624410815471,121.74127717355034,1057265
2024-10-27 02:56:48.887027,121.74127717355034,123.5677783680758,122.2392926114102,122.48609171648211,914345
2024-10-28 02:56:48.887027,122.48609171648211,119.91291545393136,119.81183737880859,119.81965119596991,1218852
2024-10-29 02:56:48.887027,119.81965119596991,126.11647914992423,125.13545638490675,125.88927429645412,1414007
2024-10-30 02:56:48.887027,125.88927429645412,130.31036739072556,125.43420146481722,126.27816960067058,1443858
2024-10-31 02:56:48.887027,126.27816960067058,126.99632385241036,125.68845221081445,126.61804874925606,610851
2024-11-01 02:56:48.887027,126.61804874925606,129.49991037306296,128.42821437949542,128.5336062250981,867553
2024-11-02 02:56:48.887550,128.5336062250981,130.39458134098606,129.24725697383838,129.84099439837973,1817353
2024-11-03 02:56:48.887550,129.84099439837973,131.98750692737997,128.58922589184195,130.4889126095382,1564120
2024-11-04 02:56:48.887550,130.4889126095382,128.6519680449068,127.60107225801995,128.50640830864825,503370
2024-11-05 02:56:48.887550,128.50640830864825,131.65547454070176,128.76464468616268,129.78875150940888,1192128
2024-11-06 02:56:48.887550,129.78875150940888,136.07400983245228,134.72154416346436,134.83457143798384,371906
2024-11-07 02:56:48.887550,134.83457143798384,139.5072052061262,136.62665018956693,138.5812825630173,1023744
2024-11-08 02:56:48.887550,138.5812825630173,145.82108721406928,142.55312218223392,143.13965523565432,2582824
2024-11-09 02:56:48.887550,143.13965523565432,143.28548264221752,140.5338356999991,141.7544662711914,622540
2024-11-10 02:56:48.887550,141.7544662711914,139.66791897768414,137.09460714930637,139.04593606066115,658914
2024-11-11 02:56:48.887550,139.04593606066115,140.54355249568806,137.79748610047133,138.76593812380685,1465233
2024-11-12 02:56:48.887550,138.76593812380685,139.08446891904936,138.37436886075568,138.99015643881498,462364
2024-11-13 02:56:48.887550,138.99015643881498,143.34847084869472,141.45483541350703,142.1363693084577,728784
2024-11-14 02:56:48.887550,142.1363693084577,138.14077433984542,137.06667542791178,137.47439085201006,1347458
2024-11-15 02:56:48.887550,137.47439085201006,143.01601388275188,141.15887789447885,141.8157468712818,728226
2024-11-16 02:56:48.887550,141.8157468712818,142.34922633347722,141.15994771292944,141.43899591245113,888709
2024-11-17 02:56:48.887550,141.43899591245113,141.75182354666407,139.869932326658,140.30671931330346,1450767
2024-11-18 02:56:48.887550,140.30671931330346,138.0244651299789,135.22540675173667,137.56393500969136,4921506
2024-11-19 02:56:48.887550,137.56393500969136,133.68950940899663,131.7252616313915,133.1520432327125,1142717
2024-11-20 02:56:48.887550,133.1520432327125,136.72354541031646,135.1718448599446,135.43002268443942,844035
2024-11-21 02:56:48.887550,135.43002268443942,136.27139825351634,134.41926242359222,135.69658877143831,1203255
2024-11-22 02:56:48.887550,135.69658877143831,135.03549089619733,130.94053599025872,132.30663360821615,940008
2024-11-23 02:56:48.887550,132.30663360821615,130.36515339320562,128.47488351606555,128.98816230510687,1257219
2024-11-24 02:56:48.887550,128.98816230510687,128.21994457970615,125.86956805530193,128.1888979251139,779996
2024-11-25 02:56:48.887550,128.1888979251139,134.47909881208278,132.31726109738244,132.6064039181534,912758
2024-11-26 02:56:48.887550,132.6064039181534,132.0908101202855,130.86693934594237,131.98569487664042,609583
2024-11-27 02:56:48.887550,131.98569487664042,128.72060492420675,127.30533871470072,128.14093149069117,982648
2024-11-28 02:56:48.887550,128.14093149069117,128.9318180062755,126.18633882455539,127.57645401537685,666643
2024-11-29 02:56:48.887550,127.57645401537685,127.48966182152743,125.94971992938056,126.94594333659958,572911
2024-11-30 02:56:48.887550,126.94594333659958,120.56551687151658,119.89443630579486,120.34030688868553,1138066
2024-12-01 02:56:48.887550,120.34030688868553,121.45535617123537,118.5793475444395,120.26982047506235,1112233
2024-12-02 02:56:48.887550,120.26982047506235,121.19768240385488,119.75677806651275,119.77548500175008,1479104
2024-12-03 02:56:48.887550,119.77548500175008,124.66238734118605,120.41925385996137,121.51566194022377,806087
2024-12-04 02:56:48.887550,121.51566194022377,126.88762837896626,125.01119175288498,126.15638412644266,1226330
2024-12-05 02:56:48.887550,126.15638412644266,129.51623619754818,127.13431791760551,129.0956473336672,1317055
2024-12-06 02:56:48.887550,129.0956473336672,128.71720185367934,127.81127950702985,128.46748123752178,1249054
2024-12-07 02:56:48.887550,128.46748123752178,126.1624965331443,124.42287069768348,125.71850116320905,661776
2024-12-08 02:56:48.887550,125.71850116320905,132.87271084932948,131.55334143841952,132.4244753953274,1077541
2024-12-09 02:56:48.887550,132.4244753953274,133.03955821089724,131.51420680257917,132.64771499029868,1199698
2024-12-10 02:56:48.887550,132.64771499029868,132.97466652428247,131.30147930766805,132.75103283835497,1003595
2024-12-11 02:56:48.887550,132.75103283835497,134.50251071454298,131.5715223384511,132.75335577047434,352311
2024-12-12 02:56:48.887550,132.75335577047434,134.6891782466993,133.1178415151949,133.3469840922937,1083552
2024-12-13 02:56:48.887550,133.3469840922937,134.54540619730275,132.29305195893943,133.02903672756872,3023047
2024-12-14 02:56:48.887550,133.02903672756872,133.31028097153856,130.03044195655542,131.57725709317188,835253
2024-12-15 02:56:48.887550,131.57725709317188,130.36484185983008,129.0456232089419,130.21110352791584,694864
2024-12-16 02:56:48.887550,130.21110352791584,132.95337613961613,129.41337698075122,130.19091385590062,1205234
2024-12-17 02:56:48.887550,130.19091385590062,129.63117046792658,127.6260764957345,128.84800396986543,1169047
2024-12-18 02:56:48.887550,128.84800396986543,128.7359086527856,126.49891183574614,127.08758954700498,1815512
2024-12-19 02:56:48.887550,127.08758954700498,127.45123097174873,125.6800564147368,127.42209200836572,533159
2024-12-20 02:56:48.887550,127.42209200836572,128.10484275203916,125.76155250904752,126.83735423973764,144150
2024-12-21 02:56:48.887550,126.83735423973764,131.43606060436142,129.1640925668897,130.7759364740391,134340
2024-12-22 02:56:48.887550,130.7759364740391,125.1279881850099,123.39958476211068,124.08490561851141,93139
2024-12-23 02:56:48.887550,124.08490561851141,127.58063998114967,126.09306292987314,126.88690666873931,118452
2024-12-24 02:56:48.887550,126.88690666873931,130.46491838809578,129.247062883368,130.1539388498498,167318
2024-12-25 02:56:48.887550,130.1539388498498,125.38783611027381,124.20244071959024,124.92956397205069,154675
2024-12-26 02:56:48.887550,124.92956397205069,124.62463084222095,123.81500027965022,124.13830890101603,564672
2024-12-27 02:56:48.887550,124.13830890101603,124.41830809859341,122.61685977531162,123.28115021345758,1506936
2024-12-28 02:56:48.887550,123.28115021345758,121.85623648218723,118.7096429874322,119.91909261308315,968173
2024-12-29 02:56:48.887550,119.91909261308315,118.5078229337562,115.80868286422101,118.12707519073578,1037109
2024-12-30 02:56:48.887550,118.12707519073578,116.99691227023007,115.18583826590036,115.58999875120767,1037276
2024-12-31 02:56:48.887550,115.58999875120767,121.59470767549143,117.89838329000781,119.77258806741884,927630
2025-01-01 02:56:48.887550,119.77258806741884,123.3149954243188,121.97968523788401,122.09609678391172,1814579
2025-01-02 02:56:48.887550,122.09609678391172,125.84442604968966,124.97348022804788,125.30359030138389,959005
2025-01-03 02:56:48.887550,125.30359030138389,127.70234539163906,126.32505189272236,127.18884574979532,571338
2025-01-04 02:56:48.887550,127.18884574979532,124.44126627779178,124.03538591972892,124.4111642421854,821383
2025-01-05 02:56:48.887550,124.4111642421854,124.28756394203786,122.76863884033297,123.17443428743849,1093460
2025-01-06 02:56:48.887550,123.17443428743849,124.85178959788679,123.53733112614141,124.44813053556567,1848930
2025-01-07 02:56:48.887550,124.44813053556567,122.93649035382968,121.09680228743399,121.50391089654407,1351949
2025-01-08 02:56:48.887550,121.50391089654407,124.77514002753556,122.92075155884886,123.31060538360728,653594
2025-01-09 02:56:48.887550,123.31060538360728,123.35116951204155,122.20453902547564,122.78070909981818,3464592
2025-01-10 02:56:48.887550,122.78070909981818,122.16994548683203,120.05244078425038,121.92468221566295,1141550
2025-01-11 02:56:48.887550,121.92468221566295,124.08310816515502,122.79619452298131,123.73258874808164,1892115
2025-01-12 02:56:48.887550,123.73258874808164,125.2226890531059,124.13434915559192,126.12205610375686,926948
2025-01-13 02:56:48.887550,124.89931850537297,124.7907621588429,122.80156635602656,125.2774420268084,1305622
2025-01-14 02:56:48.887550,124.06289285652277,127.63990141129108,126.72652841796143,128.28026107921985,1521557
2025-01-15 02:56:48.887550,127.03659995286598,125.46529683277437,124.33267261135633,125.5992325192905,1838770
2025-01-16 02:56:48.887550,124.38156363032824,127.68198721041111,125.81679060743816,127.21961635447747,1696698
2025-01-17 02:56:48.887550,125.98623804639928,127.71455085596816,127.12749989931663,128.80206946274058,1546661
2025-01-18 02:56:48.887550,127.5533494692116,129.2886482695479,125.01411850885381,126.82951404241484,854239
2025-01-19 02:56:48.887550,126.82951404241484,129.00098593503586,126.34166098001072,127.72332946160228,751358
2025-01-20 02:56:48.887550,127.72332946160228,125.47402317105805,122.99394368883561,124.62935399257577,1180931
2025-01-21 02:56:48.887550,124.62935399257577,127.67023152652972,126.22734111524194,127.01747873288258,1594506
2025-01-22 02:56:48.887550,127.01747873288258,126.8392921934478,124.92933225619528,126.61192025091327,894616
2025-01-23 02:56:48.887550,126.61192025091327,125.79736145467575,124.87292448268742,125.35781920873698,1703331
2025-01-24 02:56:48.887550,125.35781920873698,128.70620562088817,126.68233244507248,128.07965642531815,2067434
2025-01-25 02:56:48.887550,128.07965642531815,127.15320122681021,123.80869457335753,126.35122288934124,632445
2025-01-26 02:56:48.887550,126.35122288934124,124.26696127655525,121.64493488118585,122.90310570676797,658059
2025-01-27 02:56:48.887550,122.90310570676797,119.68382989608702,118.8981808925167,119.19534513353945,932218
2025-01-28 02:56:48.887550,119.19534513353945,121.00036631130169,119.44762888144513,120.70914625613409,1166264
2025-01-29 02:56:48.887550,120.70914625613409,118.50777083605983,117.54548745924262,117.71604368414397,769292
2025-01-30 02:56:48.887550,117.71604368414397,124.29922880524204,121.95256279705487,121.98172014041977,1966197
2025-01-31 02:56:48.887550,121.98172014041977,117.91061417665561,116.22015244703219,117.0653833118439,1236189
2025-02-01 02:56:48.887550,117.0653833118439,122.34682650956019,119.27170218978364,121.16602805882152,1019919
2025-02-02 02:56:48.887550,121.16602805882152,123.08707860452276,120.74297651661561,121.73932605880549,487748
2025-02-03 02:56:48.887550,121.73932605880549,121.71118627175552,119.70202464546004,121.56484509627023,517933
2025-02-04 02:56:48.887550,121.56484509627023,122.9211973271182,119.70594377601762,120.30731689139232,1150854
2025-02-05 02:56:48.887550,120.30731689139232,122.3603864553799,119.63438232306757,121.33219116607698,344280
2025-02-06 02:56:48.887550,121.33219116607698,121.95089642441773,120.85557088069677,121.30153511694195,1659172
2025-02-07 02:56:48.887550,121.30153511694195,124.18227330576883,121.46444689793402,124.06994870884964,923968
2025-02-08 02:56:48.887550,124.06994870884964,124.8289458506033,123.63767801480073,124.41590950295496,5060910
2025-02-09 02:56:48.887550,124.41590950295496,125.09072597669604,123.7476446213131,124.85288163698264,3170718
2025-02-10 02:56:48.887550,124.85288163698264,124.88999670391529,123.27562222843687,124.01020405778947,913269
2025-02-11 02:56:48.887550,124.01020405778947,124.47070030100396,123.7778838048922,123.93099769712175,948220
2025-02-12 02:56:48.887550,123.93099769712175,125.39878195477037,122.32065794707536,124.75863814870387,1645082
2025-02-13 02:56:48.887550,124.75863814870387,120.9369955952713,120.01386871692011,120.62392021797406,2343361
2025-02-14 02:56:48.887550,120.62392021797406,118.34153947305963,116.22969476610429,117.47363196780229,440865
2025-02-15 02:56:48.887550,117.47363196780229,120.02667380604458,117.52507143191217,119.29258602083408,409348
2025-02-16 02:56:48.887550,119.29258602083408,120.88109735208484,117.41039811548289,119.76080840042577,732701
2025-02-17 02:56:48.887550,119.76080840042577,120.67706582434015,119.37620179354475,119.3806137092774,1338258
2025-02-18 02:56:48.887550,119.3806137092774,120.12475466027396,118.2758220001812,119.48436215648752,1282019
2025-02-19 02:56:48.887550,119.48436215648752,121.35076560651878,118.7631990214143,120.37804145512254,1707253
2025-02-20 02:56:48.887550,120.37804145512254,119.58268864870875,118.26045040952116,119.14508387110878,548894
2025-02-21 02:56:48.887550,119.14508387110878,119.5208437947072,116.79391547552952,117.36348732812412,314091
2025-02-22 02:56:48.887550,117.36348732812412,118.14644566908368,116.43202521220881,117.88301722658869,1535731
2025-02-23 02:56:48.887550,117.88301722658869,116.06058958566949,113.70775180365911,115.65658171990569,660936
2025-02-24 02:56:48.887550,115.65658171990569,116.68576239063094,116.00643257557495,116.66310687505941,364494
2025-02-25 02:56:48.887550,116.66310687505941,113.15582962498753,111.82124897431966,112.81380098814459,1075227
2025-02-26 02:56:48.887550,112.81380098814459,116.13919014090202,112.9280744714163,115.21751694448588,1486743
2025-02-27 02:56:48.887550,115.21751694448588,118.25077921619938,115.75199029353458,116.36988049276975,940796
2025-02-28 02:56:48.887550,116.36988049276975,118.25887017379549,116.63359236271188,117.02578999871191,795388
2025-03-01 02:56:48.887550,117.02578999871191,120.68327830601905,118.99945413654184,119.40823369798584,923410
2025-03-02 02:56:48.887550,119.40823369798584,124.68815399640788,121.59477567301195,123.5143873958059,830862
2025-03-03 02:56:48.887550,123.5143873958059,128.26603672822662,125.03186380623407,126.10880268548577,509653
2025-03-04 02:56:48.887550,126.10880268548577,121.73803843205121,121.10649452265227,121.6110166754782,699534
2025-03-05 02:56:48.887550,121.6110166754782,118.7977916022159,118.04812418225124,118.59757313558686,1297760
2025-03-06 02:56:48.887550,118.59757313558686,117.26542188114962,117.13234048317112,117.18333242197991,1174496
2025-03-07 02:56:48.887550,117.18333242197991,118.66605367219823,116.64841886718067,117.30313400985828,1087661
2025-03-08 02:56:48.887550,117.30313400985828,119.68286463951662,115.58354702976534,118.58317980497237,608003
2025-03-09 02:56:48.887550,118.58317980497237,117.21157448790196,116.58601132586914,116.93284285989395,913244
2025-03-10 02:56:48.887550,116.93284285989395,118.57430913079585,117.14576063260743,117.42914291243993,336710
2025-03-11 02:56:48.887550,117.42914291243993,129.79416824325082,114.3942206363191,129.79416824325082,1093341
2025-03-12 02:56:48.887550,129.79416824325082,114.59350408620475,113.93480321741421,114.37666695198541,2043019
2025-03-13 02:56:48.887550,114.37666695198541,112.37309765973254,111.03184704850358,111.25934038024016,478515
2025-03-14 02:56:48.887550,111.25934038024016,112.23250024869832,107.3600932701478,109.27844990166744,746049
2025-03-15 02:56:48.887550,109.27844990166744,107.13839390446051,104.74305849262164,106.41701919555338,1178866
2025-03-16 02:56:48.887550,106.41701919555338,105.09529529536421,103.92600085694514,104.41235944207399,1870903
2025-03-17 02:56:48.887550,104.41235944207399,108.64239134805284,106.52837418876621,106.6893018902239,799225
2025-03-18 02:56:48.887550,106.6893018902239,105.27036189205468,104.65750513527884,104.73495408416514,707423
2025-03-19 02:56:48.887550,104.73495408416514,103.86023613696543,95.79583899720714,99.82803756708628,1564558
2025-03-20 02:56:48.887550,110.45194653141859,111.75628268164039,111.38523266138243,111.60288617231491,1053079
2025-03-21 02:56:48.887550,111.60288617231491,113.14014450884116,111.22241301590363,112.07223669093223,2776074
2025-03-22 02:56:48.887550,112.07223669093223,111.9968413978783,108.97362979427412,110.21979166092876,1148755
2025-03-23 02:56:48.887550,110.21979166092876,113.30078775094702,111.13393485658848,111.83031477843682,988922
2025-03-24 02:56:48.887550,111.83031477843682,112.41940251317807,109.90921694356786,110.60551135935481,1174733
2025-03-25 02:56:48.887550,110.60551135935481,111.75444269213415,110.03895476325484,110.93119182145344,994469
2025-03-26 02:56:48.887550,110.93119182145344,116.90549324909418,115.77144295419937,116.81737365327824,665972
2025-03-27 02:56:48.887550,116.81737365327824,118.52018763809966,115.91472624304468,116.65147095433603,1509290
2025-03-28 02:56:48.887550,116.65147095433603,119.71736551992461,119.12117025112387,119.42350906211428,1119498
2025-03-29 02:56:48.887550,119.42350906211428,118.80810847034782,116.84815517580348,117.81464052533394,1008845
2025-03-30 02:56:48.887550,117.81464052533394,120.34828452844994,117.75151445562524,117.79110706770359,614047
2025-03-31 02:56:48.887550,117.79110706770359,122.31333873439583,121.54335242928701,122.0985846468214,1918903
2025-04-01 02:56:48.887550,122.0985846468214,120.78604265127008,120.01440420652402,120.63741156144599,1394242
2025-04-02 02:56:48.887550,120.63741156144599,125.84338050829858,124.90729485341915,125.15317902830772,758463
2025-04-03 02:56:48.887550,125.15317902830772,127.05618464915378,126.73936604642358,127.00080918943438,1650226
2025-04-04 02:56:48.887550,127.00080918943438,127.77265808240014,124.70492298975189,125.64294601868262,779747
2025-04-05 02:56:48.887550,125.64294601868262,128.0984957903131,127.08078306179448,127.3058268718448,676378
2025-04-06 02:56:48.887550,127.3058268718448,130.12396196210386,127.86001335769082,129.87122288017127,683962
2025-04-07 02:56:48.887550,129.87122288017127,132.53898703431003,130.91600401131157,131.56217657136352,412493
2025-04-08 02:56:48.887550,131.56217657136352,129.24229939125703,127.19511559420717,127.55849849613297,1265884
2025-04-09 02:56:48.887550,127.55849849613297,126.54922734037187,125.45752349204693,125.77974573335595,400287
2025-04-10 02:56:48.887550,125.77974573335595,125.26760065507703,124.91881667038594,125.22122272495486,541061
2025-04-11 02:56:48.887550,125.22122272495486,125.63452788719152,125.02021615723464,125.09748161579981,354235
2025-04-12 02:56:48.887550,125.09748161579981,127.60085554657338,126.1158315907732,126.72339616511745,957878
2025-04-13 02:56:48.887550,126.72339616511745,129.0275508323881,126.12545852071092,127.23817811312534,927594
2025-04-14 02:56:48.887550,127.23817811312534,124.04998282524849,123.14161163144827,123.94697598110345,849295
2025-04-15 02:56:48.887550,123.94697598110345,126.83574915640017,123.45205215665065,124.9555180183028,593754
2025-04-16 02:56:48.887550,124.9555180183028,127.51593713631804,125.23530602656976,126.55405549027319,556483
2025-04-17 02:56:48.887550,126.55405549027319,128.14845542652998,127.4190684430099,128.0428971784459,1261352
2025-04-18 02:56:48.887550,128.0428971784459,132.81421469541925,130.4455027790745,130.9061895665003,759362
2025-04-19 02:56:48.887550,130.9061895665003,133.5861675811295,132.14894281934804,133.17438030890946,1171376
2025-04-20 02:56:48.887550,133.17438030890946,135.48167879150904,132.72736082923834,134.4702521761523,642348
2025-04-21 02:56:48.887550,134.4702521761523,134.77764537608934,133.7360450975556,134.3488381297349,1094755
2025-04-22 02:56:48.887550,134.3488381297349,131.76709432692198,129.78828608159574,130.02418456498273,1918683
2025-04-23 02:56:48.887550,130.02418456498273,133.67225037916407,130.43105388739727,131.21180277657191,1340553
2025-04-24 02:56:48.887550,131.21180277657191,131.97548506617187,131.0890367088432,131.82385325639,813664
2025-04-25 02:56:48.887550,131.82385325639,132.8204492275988,132.06043160396288,132.60810016964933,1137234
2025-04-26 02:56:48.887550,132.60810016964933,130.1977121572856,128.1309775578724,129.32947158388137,886625
2025-04-27 02:56:48.887550,129.32947158388137,126.8964954460918,126.58672161840182,126.62653194952111,1003947
2025-04-28 02:56:48.887550,126.62653194952111,130.3595861435936,128.28888501598877,129.38663830417832,849756
2025-04-29 02:56:48.887550,129.38663830417832,129.76167194531675,128.60764396283977,129.3489789372728,921117
2025-04-30 02:56:48.887550,129.3489789372728,132.23395916168315,128.84678348188143,131.18965558180057,1111873
2025-05-01 02:56:48.887550,131.18965558180057,132.74274274398738,130.8573262808911,131.32962658681834,608548
2025-05-02 02:56:48.887550,131.32962658681834,131.50154661031496,131.0776509938534,131.47352743405162,601734
2025-05-03 02:56:48.887550,131.47352743405162,136.57919563734436,133.784615288806,134.0310105487705,499438
2025-05-04 02:56:48.887550,134.0310105487705,132.80165839043912,129.14692344887956,132.7211486615569,449268
2025-05-05 02:56:48.887550,132.7211486615569,133.9855300870513,132.5776595581678,133.043044159323,544089
2025-05-06 02:56:48.887550,133.043044159323,133.88094446980733,130.56039519937755,131.88458847246147,1082995
2025-05-07 02:56:48.887550,131.88458847246147,133.16754138310964,130.68399895665584,130.8088746639795,639931
2025-05-08 02:56:48.887550,130.8088746639795,132.12798524565713,127.75721873055322,130.0675386162545,1292795
2025-05-09 02:56:48.887550,130.0675386162545,131.061178261587,130.60665808873233,130.71201164241688,1017508
2025-05-10 02:56:48.887550,130.71201164241688,130.19012737137686,128.4521026406944,129.5311698972272,373718
2025-05-11 02:56:48.887550,129.5311698972272,134.9932625300067,131.67550646703515,132.89198679111973,1387478
2025-05-12 02:56:48.887550,132.89198679111973,131.76961920450836,129.88298955729314,130.60069296403137,1499901
2025-05-13 02:56:48.887550,130.60069296403137,130.80740760749768,130.0265614647971,130.17856565915815,608394
2025-05-14 02:56:48.887550,130.17856565915815,129.2927641566636,128.2827237816013,129.1032496079928,1233796
2025-05-15 02:56:48.887550,129.1032496079928,135.10410780509773,130.64850603531056,132.9604913363434,651649
2025-05-16 02:56:48.887550,132.9604913363434,134.74869672785562,133.12193642329362,133.5509592188653,1050047
2025-05-17 02:56:48.887550,133.5509592188653,136.7701418826969,133.90417725948117,136.4038557251496,531395
2025-05-18 02:56:48.887550,136.4038557251496,133.65759263003338,131.3984046181544,132.47696818906653,407973
2025-05-19 02:56:48.887550,132.47696818906653,136.12039039927575,132.61066262585385,133.25303115220447,825795
2025-05-20 02:56:48.887550,133.25303115220447,136.68899339454393,135.2125899385866,135.71300878720697,940010
2025-05-21 02:56:48.887550,135.71300878720697,136.29166474158126,135.46893596010506,136.00451807774726,819681
2025-05-22 02:56:48.887550,136.00451807774726,140.37551773319467,136.32377695301798,139.0033055586562,553211
2025-05-23 02:56:48.887550,139.0033055586562,137.82209045842004,137.25756741456703,137.6414264965381,818772
2025-05-24 02:56:48.887550,137.6414264965381,141.75597839113968,140.44997798743813,141.6471199123302,1144133
2025-05-25 02:56:48.887550,141.6471199123302,148.71963538317948,148.31342406437102,148.3859806295693,977803
2025-05-26 02:56:48.887550,148.3859806295693,148.34476777489326,145.31568644760534,147.3867500954808,1095543
2025-05-27 02:56:48.887550,147.3867500954808,146.39891064931638,146.0758273970201,146.1524177685574,715296
2025-05-28 02:56:48.887550,146.1524177685574,151.2036182404628,147.97299622056468,150.53832817507492,1796533
2025-05-29 02:56:48.887550,150.53832817507492,157.14267299081098,153.5094088419185,155.44767299852867,555388
2025-05-30 02:56:48.887550,155.44767299852867,156.07906099981315,153.81210098741298,153.9075298266217,1276063
2025-05-31 02:56:48.887550,153.9075298266217,152.84641989429366,151.2430560330476,152.69587987824667,1805694
2025-06-01 02:56:48.887550,152.69587987824667,151.94232626003435,151.35691675927072,151.91369110206,1271826
2025-06-02 02:56:48.887550,151.91369110206,149.0051264839832,145.4362698313157,147.95727174522662,903696
2025-06-03 02:56:48.887550,147.95727174522662,145.67526538269007,143.99273282032547,145.33631764535673,767859
2025-06-04 02:56:48.887550,145.33631764535673,143.87630003177009,140.2905132225989,142.5179096252445,1678740
2025-06-05 02:56:48.887550,142.5179096252445,140.81948889614344,140.03158870860221,140.41631971036793,490913
2025-06-06 02:56:48.887550,140.41631971036793,141.2489194848772,140.0474393828035,140.38912401945177,615658
2025-06-07 02:56:48.887550,140.38912401945177,141.6289820357573,140.69570431968958,141.1188324816066,819731
2025-06-08 02:56:48.887550,141.1188324816066,147.30196741665804,142.863173205357,145.636287034476,1856748
2025-06-09 02:56:48.887550,145.636287034476,142.98364545300066,140.50625694311287,142.82859115467838,1209109
2025-06-10 02:56:48.887550,142.82859115467838,145.7895204383431,142.50741617535556,145.74109068754248,616299
2025-06-11 02:56:48.887550,145.74109068754248,145.4934291427664,144.96034190440506,145.19126165198193,856283
2025-06-12 02:56:48.887550,145.19126165198193,145.30677463635567,144.69122972076858,145.12024069037807,735531
2025-06-13 02:56:48.887550,145.12024069037807,149.93511711884491,144.93370381426354,147.16568115277138,701247
2025-06-14 02:56:48.887550,147.16568115277138,144.7599485547771,141.84360783312175,143.9699495817599,1631410
2025-06-15 02:56:48.887550,143.9699495817599,145.2825994715877,143.45283034489015,145.14783710571842,503651
2025-06-16 02:56:48.887550,145.14783710571842,145.9375982364023,145.38882785051456,145.70467999199573,2235333
2025-06-17 02:56:48.887550,145.70467999199573,148.7333586167506,145.60495775837717,147.22041105002052,1513030
2025-06-18 02:56:48.887550,147.22041105002052,150.02348953250245,147.2759675019482,148.14836407232622,1725351
2025-06-19 02:56:48.887550,148.14836407232622,157.03122723285435,154.37926936016234,155.68274247452942,793366
2025-06-20 02:56:48.887550,155.68274247452942,155.277418802319,152.85169403406337,153.78652426934997,927770
2025-06-21 02:56:48.887550,153.78652426934997,152.8884148136639,151.4173124372891,152.23806239449192,488421
2025-06-22 02:56:48.887550,152.23806239449192,151.39982228693185,149.6029690633361,150.42771729618923,769256
2025-06-23 02:56:48.887550,150.42771729618923,151.48256045082496,147.5998487124872,148.84018444381385,1279958
2025-06-24 02:56:48.887550,148.84018444381385,148.78333079133552,145.40388480332567,147.02834629681428,1911773
2025-06-25 02:56:48.887550,147.02834629681428,152.0265668307095,150.30970732258436,150.64193519614724,574888
2025-06-26 02:56:48.887550,150.64193519614724,156.61207879315293,153.17199574030468,155.06057014601527,832973
2025-06-27 02:56:48.887550,155.06057014601527,154.40587778081795,152.5901718996281,153.3772986201355,927141
2025-06-28 02:56:48.887550,153.3772986201355,153.02210285874096,149.83709866970008,150.92058606710282,497631
2025-06-29 02:56:48.887550,150.92058606710282,152.80757249186217,152.07505503344274,152.42643550256062,1344032
2025-06-30 02:56:48.887550,152.42643550256062,151.2630547710845,149.0482735128304,150.82762502643908,696285
2025-07-01 02:56:48.887550,150.82762502643908,153.22326419952745,152.52878042546146,152.82542623982997,906925
2025-07-02 02:56:48.887550,152.82542623982997,153.72986083665012,152.70812547935088,153.52366513414898,797738
2025-07-03 02:56:48.888259,153.52366513414898,150.22215502269702,148.2928940362765,149.01393768776347,673902
2025-07-04 02:56:48.888259,149.01393768776347,154.99510234757312,152.0798669115906,153.77491573616797,996483
2025-07-05 02:56:48.888259,153.77491573616797,162.26677028884222,158.39162206249722,159.47824223303928,897802
2025-07-06 02:56:48.888259,159.47824223303928,159.6702572626419,156.9704047644886,157.61442883871598,830332
2025-07-07 02:56:48.888259,157.61442883871598,159.07661384886882,155.9935817572765,156.47522575739146,694730
2025-07-08 02:56:48.888259,156.47522575739146,159.07686641679183,156.1307482911156,157.45111094701466,1173232
2025-07-09 02:56:48.888259,157.45111094701466,160.37393626513665,157.18096515939263,158.58712695933852,2286011
2025-07-10 02:56:48.888259,158.58712695933852,162.5239877626516,159.91021454124612,160.77004058997164,1072447
2025-07-11 02:56:48.888259,160.77004058997164,168.1369528626669,165.39113209285821,167.44904824742255,1645524
2025-07-12 02:56:48.888259,167.44904824742255,168.7868262068336,165.87702468160336,166.94095230359784,499019
2025-07-13 02:56:48.888259,166.94095230359784,164.73220082021285,163.62542486624844,164.3789159604532,1082075
2025-07-14 02:56:48.888259,164.3789159604532,160.47905726524195,156.64728862670086,159.98624478133414,577709
2025-07-15 02:56:48.888259,159.98624478133414,158.97319601346626,156.82113800331166,157.7433334998817,477848
2025-07-16 02:56:48.888259,157.7433334998817,159.78428483339036,157.66871063429056,157.71769606763775,690951
2025-07-17 02:56:48.888259,157.71769606763775,165.84575949145324,162.0750331209898,163.5629380447108,1814753
2025-07-18 02:56:48.888259,163.5629380447108,162.8698751542107,160.44263121707633,161.9593912406151,1608026
2025-07-19 02:56:48.888259,161.9593912406151,163.10781511663455,161.68034382745023,162.76727038369498,1129192
2025-07-20 02:56:48.888259,162.76727038369498,165.53575068907142,162.31951849500345,162.7951942145632,464706
2025-07-21 02:56:48.888259,162.7951942145632,168.13835830052878,166.48175969678726,166.79421365999517,906521
2025-07-22 02:56:48.888259,166.79421365999517,177.22173952679358,171.59942732354594,175.52815327338948,1162822
2025-07-23 02:56:48.888259,175.52815327338948,176.56847893063247,170.07626795640948,173.76122246647662,1091734
2025-07-24 02:56:48.888259,173.76122246647662,174.27965335767047,171.10991749310182,172.15466420220193,397763
2025-07-25 02:56:48.888259,172.15466420220193,176.91752467584504,175.07056636302823,175.87552504933026,640722
2025-07-26 02:56:48.888259,175.87552504933026,178.42678576361737,173.4786928220409,178.37968325799216,968468
2025-07-27 02:56:48.888259,178.37968325799216,185.70254468734902,184.2583128092769,185.18373179839722,1307537
2025-07-28 02:56:48.888259,185.18373179839722,188.97041698603002,186.46632627618837,187.45279257911804,333516
2025-07-29 02:56:48.888259,187.45279257911804,186.99331047956042,183.61855693707284,186.20369315354282,922136
2025-07-30 02:56:48.888259,186.20369315354282,189.40384816727465,187.78480375161206,188.51061072027827,1074144
2025-07-31 02:56:48.888259,188.51061072027827,192.8616089206023,192.09520808282593,192.8337400661432,1529293
2025-08-01 02:56:48.888259,192.8337400661432,197.1935997689153,195.8451783695387,196.12221500152603,1414008
2025-08-02 02:56:48.888259,196.12221500152603,198.23391297762822,193.99794860442964,198.2211826784542,1338146
2025-08-03 02:56:48.888259,198.2211826784542,203.48073866943187,201.04027356241534,202.5966355372657,670339
2025-08-04 02:56:48.888259,202.5966355372657,207.72153211551176,207.0471632046321,207.49409824127184,385196
2025-08-05 02:56:48.888259,207.49409824127184,213.605171150169,212.33186033735964,213.41658993586657,821579
2025-08-06 02:56:48.888259,213.41658993586657,217.11204492785083,207.8187576292862,216.31166789770734,1650067
2025-08-07 02:56:48.888259,216.31166789770734,216.25592205117536,211.20232110599102,215.6977048836731,2007172
2025-08-08 02:56:48.888259,215.6977048836731,219.8998511291552,212.7068142956922,216.43974329708863,1426572
2025-08-09 02:56:48.888259,216.43974329708863,223.08121268589116,221.1992218198949,221.83688644710205,1239453
2025-08-10 02:56:48.888259,221.83688644710205,218.9961388831457,217.72356938137537,194.5644360336371,1209031
2025-08-11 02:56:48.888259,218.35095478751984,221.61075517357432,219.97675744316575,196.10237906637215,757251
2025-08-12 02:56:48.888259,220.0769193905702,219.1908865136127,217.53482548903554,194.66304485422725,937039
2025-08-13 02:56:48.888259,218.46161905158198,221.26215225462485,217.45036386038035,194.87239996915844,2303742
2025-08-14 02:56:48.888259,218.69656892303215,225.30248638119585,223.73308313393795,200.01933212405865,624203
2025-08-15 02:56:48.888259,224.4727404226106,225.6869142941496,222.02461462194233,200.88568277631913,2242047
2025-08-16 02:56:48.888259,225.44500696812233,226.778136019646,224.07277483511882,225.76733743698944,851280
2025-08-17 02:56:48.888259,225.76733743698944,223.27284010474602,218.90486669005034,219.81974416610274,1940054
2025-08-18 02:56:48.888259,219.81974416610274,225.7521247980502,220.71403530434782,223.23676554524,494896
2025-08-19 02:56:48.888259,223.23676554524,228.9517219689943,225.23230497000512,226.2504611363937,1340378
2025-08-20 02:56:48.888259,226.2504611363937,236.71008576038562,233.40065664920104,236.37220801109328,691850
2025-08-21 02:56:48.888259,236.37220801109328,239.1112515608368,233.78091570372732,235.039162810481,492809
2025-08-22 02:56:48.888259,235.039162810481,241.45976764791007,235.3430368489899,236.18966725711027,1115460
2025-08-23 02:56:48.888259,236.18966725711027,239.00466545463266,235.75341856937314,237.48936196481156,1656547
2025-08-24 02:56:48.888259,237.48936196481156,246.45214594802155,243.36534937798695,245.2239553165782,655425
2025-08-25 02:56:48.888259,245.2239553165782,249.28985458211073,243.2007671113537,244.87943458614745,472599
2025-08-26 02:56:48.888259,244.87943458614745,247.70994436935837,241.81847097191076,246.37294295829005,955116
2025-08-27 02:56:48.888259,246.37294295829005,251.47694510342023,249.0732833996093,249.5113353444077,957224
2025-08-28 02:56:48.888259,249.5113353444077,252.1252055790917,248.89410520363597,250.56955054259936,1315425
2025-08-29 02:56:48.888259,250.56955054259936,248.88423849625974,248.2227925652492,248.4664575067056,1607688
2025-08-30 02:56:48.888259,248.4664575067056,250.73571438678863,246.32363036739164,249.5575765818166,970729
2025-08-31 02:56:48.888259,249.5575765818166,260.15092804972585,253.26794692893273,255.10170057399927,2528817
2025-09-01 02:56:48.888259,255.10170057399927,251.9128660784898,248.1799386277604,250.04277055284464,1118644
2025-09-02 02:56:48.888259,250.04277055284464,253.5248075788311,250.34563628005185,250.83400330222253,840958
2025-09-03 02:56:48.888259,250.83400330222253,248.06196501068104,247.31105461447586,247.46990103284102,446737
2025-09-04 02:56:48.888259,247.46990103284102,258.8421870430368,253.35000437115144,253.58267277355176,876928
2025-09-05 02:56:48.888259,253.58267277355176,248.35967474658943,245.47633967547793,246.09709596593694,845190
2025-09-06 02:56:48.888259,246.09709596593694,249.64396857500307,243.20014680910512,243.48314493863055,1616320
2025-09-07 02:56:48.888259,243.48314493863055,246.15167666602355,244.9226673965308,245.44968021800878,1260163
2025-09-08 02:56:48.888259,245.44968021800878,256.17271121325723,249.38438201705577,253.3830659353868,554502
2025-09-09 02:56:48.888259,253.3830659353868,258.13471985787356,250.6817131253829,253.17664154352474,1089944
2025-09-10 02:56:48.888259,253.17664154352474,253.58624009152712,248.3288571834243,250.50614282830335,1399011
2025-09-11 02:56:48.888259,250.50614282830335,261.53321203320536,259.05510020822544,260.24059899942915,2146880
2025-09-12 02:56:48.888259,260.24059899942915,254.11543142523203,250.6892499640641,252.9384822182498,1558543
2025-09-13 02:56:48.888259,252.9384822182498,242.43390327903418,239.86379909993425,242.17732039357935,1462903
2025-09-14 02:56:48.888259,242.17732039357935,250.9039823447618,242.2987355613773,244.4401456167076,1030498
2025-09-15 02:56:48.888259,244.4401456167076,245.75798912137293,238.55339651526393,242.1190122084761,1214285
2025-09-16 02:56:48.888259,242.1190122084761,237.9448484869694,235.90911271757184,237.34261613620302,1867783
2025-09-17 02:56:48.888259,237.34261613620302,241.97584151239758,240.2965387183347,240.8494052896204,513559
2025-09-18 02:56:48.888259,240.8494052896204,244.77690846683888,238.17772861267807,242.14770183416857,839692
2025-09-19 02:56:48.888259,242.14770183416857,239.7857118800508,238.61082383474306,239.55099226366005,679577
2025-09-20 02:56:48.888259,239.55099226366005,234.33131450485493,231.2835674501319,233.61167248741287,1208737
2025-09-21 02:56:48.888259,233.61167248741287,238.77416772751272,236.73313533512058,237.84266035551246,1849862
2025-09-22 02:56:48.888259,237.84266035551246,241.7250787376378,239.53223267728947,241.0762775258649,741939
2025-09-23 02:56:48.888259,241.0762775258649,241.5450305322849,240.2603248706963,240.71890185545476,302657
2025-09-24 02:56:48.888259,240.71890185545476,251.45375384782466,249.09062299296227,249.9004429418722,813743
2025-09-25 02:56:48.888259,249.9004429418722,245.63586224944552,241.9225498586114,244.73131003203213,1578913
2025-09-26 02:56:48.888259,244.73131003203213,238.39151022844155,237.29354324830808,237.49591220800355,1308412
2025-09-27 02:56:48.888259,237.49591220800355,234.41776298930876,227.33948302900353,234.34918582368888,1238738
2025-09-28 02:56:48.888259,234.34918582368888,236.8905226940045,233.81491002733404,234.25271936020823,869361
2025-09-29 02:56:48.888259,234.25271936020823,235.63432288680607,231.6733027622774,235.5132838406948,527548
2025-09-30 02:56:48.888259,235.5132838406948,238.6546609434206,231.66893341083684,234.4969538153189,1293882
2025-10-01 02:56:48.888259,234.4969538153189,239.2535724016612,234.4352092275723,236.27200516827463,658928
2025-10-02 02:56:48.888259,236.27200516827463,232.634713138746,229.4706843295641,230.5465783104547,2980372
2025-10-03 02:56:48.888259,230.5465783104547,238.97157092610377,233.80823888833757,237.41940278924662,1330099
2025-10-04 02:56:48.888259,237.41940278924662,238.56078178070388,234.89784357545605,237.14818185188432,748021
2025-10-05 02:56:48.888259,237.14818185188432,245.96318883305298,238.388811949671,242.62841152026323,736613
2025-10-06 02:56:48.888259,242.62841152026323,249.63940384196727,242.14094466165906,244.419401705776,954591
2025-10-07 02:56:48.888259,244.419401705776,254.5292973741112,246.20199536426753,246.7857801753769,887141
2025-10-08 02:56:48.888259,246.7857801753769,252.37629654172218,246.90282636190875,249.7389117592017,1747903
2025-10-09 02:56:48.888259,249.7389117592017,252.6739927093322,249.32209278781377,252.11118244324769,1097690
2025-10-10 02:56:48.888259,252.11118244324769,255.64082576757738,253.39393288939547,255.500571282403,693630
2025-10-11 02:56:48.888259,255.500571282403,263.2644835198782,260.9172231654816,262.5148616353714,2573380
2025-10-12 02:56:48.888259,262.5148616353714,265.054592027712,262.2856828021753,263.680493835076,1024960
2025-10-13 02:56:48.888259,263.680493835076,269.30636221145136,264.7527591925237,267.5798950238884,1468761
2025-10-14 02:56:48.888259,267.5798950238884,268.71844205103895,263.9651899043473,267.2336797914523,737777
2025-10-15 02:56:48.888259,267.2336797914523,275.42661722952715,274.46779319207104,275.1801090131942,1199083
2025-10-16 02:56:48.888259,275.1801090131942,272.1543636523794,270.6608880779818,271.61835627883397,1168306
2025-10-17 02:56:48.888259,271.61835627883397,282.1470467972809,280.1140794945495,281.72087837382725,388747
2025-10-18 02:56:48.888259,281.72087837382725,282.1844159758164,276.50802015780033,281.6354850949549,2739122
2025-10-19 02:56:48.888259,281.6354850949549,276.93201356053396,273.08794877877085,273.8274399295956,1906601
2025-10-20 02:56:48.888259,273.8274399295956,276.29751447788885,269.41487143012637,274.66720879617793,819879
2025-10-21 02:56:48.888259,274.66720879617793,279.0578381247086,270.900773873297,271.08683173432115,576295
2025-10-22 02:56:48.888259,271.08683173432115,277.6300977133819,272.0468856982237,275.82098572617184,1189794
2025-10-23 02:56:48.888259,275.82098572617184,272.91081083045566,266.9674375584762,272.3803876284278,1044302
2025-10-24 02:56:48.888259,272.3803876284278,270.14611374934094,267.6340317740548,270.0955822246914,1194627
2025-10-25 02:56:48.888259,270.0955822246914,261.2199431890314,259.93380240738355,260.2089832724231,1100526
2025-10-26 02:56:48.888259,260.2089832724231,260.8948307627343,254.7343837547645,257.99467975076874,1288038
2025-10-27 02:56:48.888259,257.99467975076874,248.23901021492043,243.8277909677398,245.9089577673443,2061951
2025-10-28 02:56:48.888259,245.9089577673443,240.2025157784279,237.06484340518566,238.36028238689826,1328501
2025-10-29 02:56:48.888259,238.36028238689826,243.11969021823083,241.65026876490006,242.13407791616515,591657
2025-10-30 02:56:48.888259,242.13407791616515,248.48370798555246,245.4427996058115,246.09253331241905,1976408
2025-10-31 02:56:48.888259,246.09253331241905,251.7454980432099,245.1601316780451,248.3196352485828,2271197
2025-11-01 02:56:48.888259,248.3196352485828,245.21242125986984,241.90022923616053,243.6852041119232,4835711
2025-11-02 02:56:48.888259,243.6852041119232,245.6751117582175,242.87128348185996,243.5745408178184,570212
2025-11-03 02:56:48.888259,243.5745408178184,246.00136433885748,239.6461908026339,243.67880065949973,1129122
2025-11-04 02:56:48.888259,243.67880065949973,239.43965191246485,235.93039594169457,238.21739319982075,353083
2025-11-05 02:56:48.888259,238.21739319982075,247.3925721011519,245.3102649185018,245.61165235789701,1318605
2025-11-06 02:56:48.888259,245.61165235789701,251.37538808733484,249.85099632595558,250.0845061670618,760255
2025-11-07 02:56:48.888259,250.0845061670618,250.70424322391122,246.2908639660214,249.10627233434047,2616200
2025-11-08 02:56:48.888259,249.10627233434047,250.44197152263453,243.35103293561855,249.36490826533105,678882
2025-11-09 02:56:48.888259,249.36490826533105,252.53685722389045,246.7325326405328,250.53157860503248,429732
2025-11-10 02:56:48.888259,250.53157860503248,242.44257671440806,239.17868148636492,240.62754401277635,790071
2025-11-11 02:56:48.888259,240.62754401277635,242.4088450610359,239.38810415753122,239.56067614949941,372415
2025-11-12 02:56:48.888259,239.56067614949941,238.10818196697159,235.9317811640144,236.4335142891886,1455791
2025-11-13 02:56:48.888259,236.4335142891886,232.67507802566843,229.65308934002158,231.86020947546476,356100
2025-11-14 02:56:48.888259,231.86020947546476,233.1442324443391,230.49692766344208,230.6756563580851,1014330
2025-11-15 02:56:48.888259,230.6756563580851,239.30324299004442,238.62314693916557,239.23979358416102,353841
2025-11-16 02:56:48.888259,239.23979358416102,244.58510231483095,239.43641191826762,242.44702347217375,852016
2025-11-17 02:56:48.888259,242.44702347217375,240.2041023394662,239.0116478385905,239.81304648542135,2274338
2025-11-18 02:56:48.888259,239.81304648542135,244.5042575112249,242.31959743648824,242.69640556730388,1197605
